name	represents	ambiguous	bait
DNMT3A	ensembl:ENSG00000119772		True
HDAC2	ensembl:ENSG00000196591		True
KDM6A	ensembl:ENSG00000147050		True
SMARCA4	ensembl:ENSG00000127616		True
SAP18	ensembl:ENSG00000150459		False
DDX3X	ensembl:ENSG00000215301		False
SEC16A	ensembl:ENSG00000148396		False
U2SURP	ensembl:ENSG00000163714		False
SYNJ2	ensembl:ENSG00000078269		False
DHX15	ensembl:ENSG00000109606		False
HNRNPR	ensembl:ENSG00000282958;ENSG00000125944		False
SYNCRIP	ensembl:ENSG00000135316		False
MRPS14	ensembl:ENSG00000120333		False
DNAJA2	ensembl:ENSG00000069345		False
FLNB	ensembl:ENSG00000136068		False
NCOR1	ensembl:ENSG00000141027		False
PRPF40A	ensembl:ENSG00000196504		False
SRSF10	ensembl:ENSG00000188529		False
SNRNP200	ensembl:ENSG00000144028		False
BCAS2	ensembl:ENSG00000116752		False
LUC7L3	ensembl:ENSG00000108848		False
LDHA	ensembl:ENSG00000288299;ENSG00000134333		False
EGFR	ensembl:ENSG00000146648		False
PLG	ensembl:ENSG00000122194		False
HSPB1	ensembl:ENSG00000106211		False
ATP1A1	ensembl:ENSG00000163399		False
SLC25A5	ensembl:ENSG00000005022		False
KRT18	ensembl:ENSG00000111057		False
ATP5F1B	ensembl:ENSG00000110955		False
NPM1	ensembl:ENSG00000181163		False
H1-0	ensembl:ENSG00000189060		False
TUBB	ensembl:ENSG00000229684;ENSG00000183311;ENSG00000235067;ENSG00000232421;ENSG00000196230;ENSG00000232575;ENSG00000224156;ENSG00000227739		False
HNRNPC	ensembl:ENSG00000092199		False
SNRNP70	ensembl:ENSG00000104852		False
TPM1	ensembl:ENSG00000140416		False
HSPA5	ensembl:ENSG00000044574		False
HSPA8	ensembl:ENSG00000109971		False
DBT	ensembl:ENSG00000137992		False
PABPC1	ensembl:ENSG00000070756		False
SLC25A6	ensembl:ENSG00000169100		False
BCKDHA	ensembl:ENSG00000248098		False
HNRNPL	ensembl:ENSG00000282947;ENSG00000104824		False
RPS2	ensembl:ENSG00000140988		False
H1-5	ensembl:ENSG00000184357		False
DDX5	ensembl:ENSG00000108654		False
RPL35A	ensembl:ENSG00000182899		False
RPL7	ensembl:ENSG00000147604		False
SON	ensembl:ENSG00000159140		False
RPL17	ensembl:ENSG00000265681		False
NCL	ensembl:ENSG00000115053		False
PCMT1	ensembl:ENSG00000120265		False
FBL	ensembl:ENSG00000280548;ENSG00000105202		False
HNRNPA2B1	ensembl:ENSG00000122566		False
SFPQ	ensembl:ENSG00000116560		False
RPS3	ensembl:ENSG00000149273		False
CFL1	ensembl:ENSG00000172757		False
RPS12	ensembl:ENSG00000112306		False
ATP5F1A	ensembl:ENSG00000152234		False
U2AF2	ensembl:ENSG00000063244		False
RPL13	ensembl:ENSG00000167526		False
PTBP1	ensembl:ENSG00000011304		False
RPL10	ensembl:ENSG00000147403		False
ABCD3	ensembl:ENSG00000117528		False
GRN	ensembl:ENSG00000030582		False
HNRNPH1	ensembl:ENSG00000284254;ENSG00000169045		False
RPL4	ensembl:ENSG00000174444		False
RBMX	ensembl:ENSG00000147274		False
HSPA9	ensembl:ENSG00000113013		False
EIF4A3	ensembl:ENSG00000141543		False
RPS19	ensembl:ENSG00000105372		False
RPL3	ensembl:ENSG00000100316		False
RPS27	ensembl:ENSG00000177954		False
MATR3	ensembl:ENSG00000015479;ENSG00000280987		False
VDAC2	ensembl:ENSG00000165637		False
RPL5	ensembl:ENSG00000122406		False
RPS9	ensembl:ENSG00000278270;ENSG00000274005;ENSG00000274646;ENSG00000277359;ENSG00000170889;ENSG00000274950;ENSG00000277079;ENSG00000275323;ENSG00000278081;ENSG00000274626		False
RPS5	ensembl:ENSG00000083845		False
RPL29	ensembl:ENSG00000162244		False
ATP5PO	ensembl:ENSG00000241837		False
TUFM	ensembl:ENSG00000178952		False
RARRES1	ensembl:ENSG00000118849		False
EMD	ensembl:ENSG00000102119		False
RPL14	ensembl:ENSG00000188846		False
SSR4	ensembl:ENSG00000180879		False
HNRNPA3	ensembl:ENSG00000170144		False
HNRNPM	ensembl:ENSG00000099783		False
HNRNPF	ensembl:ENSG00000169813		False
COPA	ensembl:ENSG00000122218		False
HNRNPH2	ensembl:ENSG00000126945		False
MARS1	ensembl:ENSG00000166986		False
RPS20	ensembl:ENSG00000008988		False
RPL15	ensembl:ENSG00000174748		False
HNRNPK	ensembl:ENSG00000165119		False
RPS8	ensembl:ENSG00000142937		False
RPS15A	ensembl:ENSG00000134419		False
RPS16	ensembl:ENSG00000105193		False
RPS13	ensembl:ENSG00000110700		False
SNRPD1	ensembl:ENSG00000167088		False
SNRPD3	ensembl:ENSG00000100028		False
RPL7A	ensembl:ENSG00000148303;ENSG00000280858		False
RPS4X	ensembl:ENSG00000198034		False
RPS6	ensembl:ENSG00000137154		False
RAN	ensembl:ENSG00000132341		False
RPL23	ensembl:ENSG00000125691		False
RPS24	ensembl:ENSG00000138326		False
RPS28	ensembl:ENSG00000233927		False
RPL30	ensembl:ENSG00000156482		False
RPL31	ensembl:ENSG00000071082		False
RPL10A	ensembl:ENSG00000198755		False
RPL32	ensembl:ENSG00000144713		False
RPL8	ensembl:ENSG00000161016		False
TRA2B	ensembl:ENSG00000136527		False
RACK1	ensembl:ENSG00000204628		False
YBX1	ensembl:ENSG00000065978		False
TUBB4B	ensembl:ENSG00000188229		False
H3C12	ensembl:ENSG00000197153		False
PRKDC	ensembl:ENSG00000253729		False
RPL24	ensembl:ENSG00000114391		False
ERH	ensembl:ENSG00000100632		False
RPL19	ensembl:ENSG00000108298		False
CLTC	ensembl:ENSG00000141367		False
HNRNPU	ensembl:ENSG00000153187		False
RPL18A	ensembl:ENSG00000105640		False
RPL6	ensembl:ENSG00000089009		False
SRSF11	ensembl:ENSG00000116754		False
RPL18	ensembl:ENSG00000063177		False
KHDRBS1	ensembl:ENSG00000121774		False
ILF2	ensembl:ENSG00000143621		False
ILF3	ensembl:ENSG00000129351		False
FLII	ensembl:ENSG00000284571;ENSG00000177731		False
CBX3	ensembl:ENSG00000122565		False
PABPC4	ensembl:ENSG00000090621		False
SF3B2	ensembl:ENSG00000087365		False
PRPF4B	ensembl:ENSG00000112739		False
TRIM29	ensembl:ENSG00000137699		False
DYNC1H1	ensembl:ENSG00000197102		False
EFTUD2	ensembl:ENSG00000108883		False
PLEC	ensembl:ENSG00000178209		False
PCM1	ensembl:ENSG00000078674		False
NONO	ensembl:ENSG00000147140		False
RNPS1	ensembl:ENSG00000205937		False
SF3B3	ensembl:ENSG00000189091		False
SRSF7	ensembl:ENSG00000115875		False
HNRNPUL2	ensembl:ENSG00000214753		False
GORAB	ensembl:ENSG00000120370		False
PRPF8	ensembl:ENSG00000174231;ENSG00000274442		False
ZC3H14	ensembl:ENSG00000100722		False
CCDC9B	ensembl:ENSG00000188549		False
H3C15	ensembl:ENSG00000203852		False
DDX46	ensembl:ENSG00000145833		False
IRF2BP2	ensembl:ENSG00000168264		False
PABPN1	ensembl:ENSG00000100836		False
IRF2BP1	ensembl:ENSG00000170604		False
SRRM1	ensembl:ENSG00000133226		False
NKAP	ensembl:ENSG00000101882		False
SREK1IP1	ensembl:ENSG00000153006		False
GATD1	ensembl:ENSG00000177225		False
EPS8L1	ensembl:ENSG00000131037		False
DDX1	ensembl:ENSG00000079785		False
DDX17	ensembl:ENSG00000100201		False
UPF1	ensembl:ENSG00000005007		False
ZBTB10	ensembl:ENSG00000205189		False
PGAM5	ensembl:ENSG00000247077		False
PAWR	ensembl:ENSG00000177425		False
FYTTD1	ensembl:ENSG00000122068		False
CDC5L	ensembl:ENSG00000096401		False
CCT7	ensembl:ENSG00000135624		False
POLDIP3	ensembl:ENSG00000100227		False
UBA5	ensembl:ENSG00000081307		False
PNN	ensembl:ENSG00000100941		False
BCL2L12	ensembl:ENSG00000126453		False
ZCCHC17	ensembl:ENSG00000121766		False
DDX21	ensembl:ENSG00000165732		False
LANCL2	ensembl:ENSG00000132434		False
SLTM	ensembl:ENSG00000137776		False
BCLAF1	ensembl:ENSG00000029363		False
TECR	ensembl:ENSG00000099797		False
DNMT3B	ensembl:ENSG00000088305		False
PUF60	ensembl:ENSG00000179950;ENSG00000274081		False
DDX41	ensembl:ENSG00000183258		False
RALY	ensembl:ENSG00000125970		False
PRPF19	ensembl:ENSG00000110107		False
SRRM2	ensembl:ENSG00000167978		False
THRAP3	ensembl:ENSG00000054118		False
NOP16	ensembl:ENSG00000048162		False
CHTOP	ensembl:ENSG00000160679		False
RBM8A	ensembl:ENSG00000265241		False
RPLP2	ensembl:ENSG00000177600		False
ENO1	ensembl:ENSG00000074800		False
LMNB1	ensembl:ENSG00000113368		False
EEF1G	ensembl:ENSG00000254772		False
RPL21	ensembl:ENSG00000122026		False
RPL28	ensembl:ENSG00000108107		False
VCP	ensembl:ENSG00000165280		False
EPPK1	ensembl:ENSG00000261150		False
RPS3A	ensembl:ENSG00000145425		False
RPL27	ensembl:ENSG00000131469		False
RPS11	ensembl:ENSG00000142534		False
H4C9	ensembl:ENSG00000276180		False
RPL36A	ensembl:ENSG00000241343		False
LOC102724594	ensembl:ENSG00000275895		False
SRSF1	ensembl:ENSG00000136450;ENSG00000266086		False
TRIM28	ensembl:ENSG00000130726		False
RBM39	ensembl:ENSG00000131051		False
RBM14	ensembl:ENSG00000239306		False
RBM15	ensembl:ENSG00000162775		False
TMOD3	ensembl:ENSG00000138594		False
PRR12	ensembl:ENSG00000126464		False
FCF1	ensembl:ENSG00000119616		False
EPRS1	ensembl:ENSG00000136628		False
TERF2	ensembl:ENSG00000132604		False
SERBP1	ensembl:ENSG00000142864		False
SLIRP	ensembl:ENSG00000119705		False
S100A14	ensembl:ENSG00000189334		False
RTRAF	ensembl:ENSG00000087302		False
CCDC9	ensembl:ENSG00000105321		False
RPN1	ensembl:ENSG00000163902		False
CD44	ensembl:ENSG00000026508		False
ATP5F1C	ensembl:ENSG00000165629		False
HADHA	ensembl:ENSG00000084754		False
EIF3B	ensembl:ENSG00000106263		False
MTCP1	ensembl:ENSG00000214827		False
FMR1	ensembl:ENSG00000102081		False
SRSF9	ensembl:ENSG00000111786		False
PPIG	ensembl:ENSG00000138398		False
MAP7	ensembl:ENSG00000135525		False
NUMA1	ensembl:ENSG00000137497		False
RCN1	ensembl:ENSG00000049449		False
PCBP1	ensembl:ENSG00000169564		False
SAFB	ensembl:ENSG00000160633		False
MPP7	ensembl:ENSG00000150054		False
LLGL2	ensembl:ENSG00000073350		False
FBXO11	ensembl:ENSG00000138081		False
HNRNPUL1	ensembl:ENSG00000105323		False
DHCR7	ensembl:ENSG00000172893		False
RTCB	ensembl:ENSG00000100220		False
NDUFA4	ensembl:ENSG00000189043		False
TPM3	ensembl:ENSG00000143549		False
RPL12	ensembl:ENSG00000197958		False
SFN	ensembl:ENSG00000175793		False
CCT6A	ensembl:ENSG00000146731		False
SLC25A1	ensembl:ENSG00000100075		False
S100A10	ensembl:ENSG00000197747		False
PPIA	ensembl:ENSG00000196262		False
TPM4	ensembl:ENSG00000167460		False
CAPRIN1	ensembl:ENSG00000135387		False
G3BP2	ensembl:ENSG00000138757		False
SF3B6	ensembl:ENSG00000115128		False
MTCH2	ensembl:ENSG00000109919;ENSG00000285121		False
PHGDH	ensembl:ENSG00000092621		False
RPLP1	ensembl:ENSG00000137818		False
HSP90B1	ensembl:ENSG00000166598		False
TCP1	ensembl:ENSG00000120438		False
ARF4	ensembl:ENSG00000168374		False
FLNA	ensembl:ENSG00000196924		False
EEF1D	ensembl:ENSG00000273594;ENSG00000104529		False
FASN	ensembl:ENSG00000169710		False
RPL23A	ensembl:ENSG00000198242		False
YWHAZ	ensembl:ENSG00000164924		False
DYNLL1	ensembl:ENSG00000088986		False
ACTG1	ensembl:ENSG00000184009		False
SRSF3	ensembl:ENSG00000112081		False
SLC25A3	ensembl:ENSG00000075415		False
CAP1	ensembl:ENSG00000131236		False
DHX9	ensembl:ENSG00000135829		False
HNRNPD	ensembl:ENSG00000138668		False
MVP	ensembl:ENSG00000013364		False
CCDC137	ensembl:ENSG00000185298		False
ZSWIM9	ensembl:ENSG00000185453		False
RP9	ensembl:ENSG00000164610		False
RPL36AL	ensembl:ENSG00000165502		False
AURKAIP1	ensembl:ENSG00000175756		False
RPL36	ensembl:ENSG00000130255		False
MYO1C	ensembl:ENSG00000197879		False
MYO1B	ensembl:ENSG00000128641		False
S100A8	ensembl:ENSG00000143546		False
P4HB	ensembl:ENSG00000185624		False
HSP90AA1	ensembl:ENSG00000080824		False
MGP	ensembl:ENSG00000111341		False
HSPD1	ensembl:ENSG00000144381		False
ACTN1	ensembl:ENSG00000072110		False
S100A11	ensembl:ENSG00000163191		False
RPL34	ensembl:ENSG00000109475		False
RPS14	ensembl:ENSG00000164587		False
RPL38	ensembl:ENSG00000172809		False
KPRP	ensembl:ENSG00000203786		False
MYO18A	ensembl:ENSG00000196535		False
LLPH	ensembl:ENSG00000139233		False
EFHD1	ensembl:ENSG00000115468		False
CHCHD3	ensembl:ENSG00000106554		False
NOL12	ensembl:ENSG00000273899		False
NOP56	ensembl:ENSG00000101361		False
ZC3H11A	ensembl:ENSG00000058673		False
CLPX	ensembl:ENSG00000166855		False
H1-2	ensembl:ENSG00000187837		False
MFAP1	ensembl:ENSG00000140259		False
SNW1	ensembl:ENSG00000100603		False
SPCS2	ensembl:ENSG00000118363		False
TXNRD1	ensembl:ENSG00000198431		False
HSD17B12	ensembl:ENSG00000149084		False
NAT10	ensembl:ENSG00000135372		False
SYBU	ensembl:ENSG00000147642		False
SMARCA5	ensembl:ENSG00000153147		False
STAU1	ensembl:ENSG00000124214		False
S100A6	ensembl:ENSG00000197956		False
PCNA	ensembl:ENSG00000132646		False
XRCC6	ensembl:ENSG00000196419		False
VDAC1	ensembl:ENSG00000213585		False
TMOD1	ensembl:ENSG00000136842		False
IDH2	ensembl:ENSG00000182054		False
CCT3	ensembl:ENSG00000163468		False
SPTAN1	ensembl:ENSG00000197694		False
CHD4	ensembl:ENSG00000111642		False
CHERP	ensembl:ENSG00000085872		False
TUBA1C	ensembl:ENSG00000167553		False
POLR1E	ensembl:ENSG00000137054		False
IRF2BPL	ensembl:ENSG00000119669		False
EHD1	ensembl:ENSG00000110047		False
PPAN	ensembl:ENSG00000130810		False
PLRG1	ensembl:ENSG00000171566		False
OAT	ensembl:ENSG00000065154		False
PTMA	ensembl:ENSG00000187514		False
XRCC5	ensembl:ENSG00000079246		False
TKT	ensembl:ENSG00000163931		False
RPL9	ensembl:ENSG00000163682		False
RPL13A	ensembl:ENSG00000142541		False
MKI67	ensembl:ENSG00000148773		False
IQGAP1	ensembl:ENSG00000140575		False
FXR1	ensembl:ENSG00000114416		False
EIF6	ensembl:ENSG00000242372		False
GOLGA4	ensembl:ENSG00000144674		False
ARL6IP4	ensembl:ENSG00000182196		False
RSRC1	ensembl:ENSG00000174891		False
PHB2	ensembl:ENSG00000215021		False
SFXN1	ensembl:ENSG00000164466		False
ACTN4	ensembl:ENSG00000130402;ENSG00000282844		False
ZBTB14	ensembl:ENSG00000198081		False
ANXA2	ensembl:ENSG00000182718		False
TXN	ensembl:ENSG00000136810		False
CD59	ensembl:ENSG00000085063		False
PON1	ensembl:ENSG00000005421		False
YWHAQ	ensembl:ENSG00000134308		False
RPS10	ensembl:ENSG00000124614		False
CAPZB	ensembl:ENSG00000077549		False
SNRPD2	ensembl:ENSG00000125743		False
CCT2	ensembl:ENSG00000166226		False
H3-3B	ensembl:ENSG00000132475		False
H1-1	ensembl:ENSG00000124610		False
AFG3L2	ensembl:ENSG00000141385		False
LMNA	ensembl:ENSG00000160789		False
ALDOA	ensembl:ENSG00000149925		False
KRT1	ensembl:ENSG00000167768		False
RPSA	ensembl:ENSG00000168028		False
S100A7	ensembl:ENSG00000143556		False
CAPZA1	ensembl:ENSG00000116489		False
MYL6	ensembl:ENSG00000092841		False
ACTB	ensembl:ENSG00000075624		False
RPL26	ensembl:ENSG00000161970		False
RPS7	ensembl:ENSG00000171863		False
G3BP1	ensembl:ENSG00000145907		False
IMMT	ensembl:ENSG00000132305		False
EBNA1BP2	ensembl:ENSG00000117395		False
MACROH2A1	ensembl:ENSG00000113648		False
SF3B1	ensembl:ENSG00000115524		False
ZMPSTE24	ensembl:ENSG00000084073		False
MYO1D	ensembl:ENSG00000176658		False
AIFM1	ensembl:ENSG00000156709		False
JUP	ensembl:ENSG00000173801		False
STT3A	ensembl:ENSG00000134910		False
CENPF	ensembl:ENSG00000117724		False
SEC61B	ensembl:ENSG00000106803		False
RPS23	ensembl:ENSG00000186468		False
DHCR24	ensembl:ENSG00000116133		False
C1orf35	ensembl:ENSG00000143793		False
NOP58	ensembl:ENSG00000055044		False
LUC7L2	ensembl:ENSG00000146963		False
NDUFA10	ensembl:ENSG00000130414		False
ATP2A2	ensembl:ENSG00000174437		False
CALR	ensembl:ENSG00000179218		False
CANX	ensembl:ENSG00000127022;ENSG00000283777		False
MCM7	ensembl:ENSG00000166508		False
TAGLN2	ensembl:ENSG00000158710		False
SUB1	ensembl:ENSG00000113387		False
CCAR2	ensembl:ENSG00000158941		False
ABCF1	ensembl:ENSG00000236149;ENSG00000232169;ENSG00000206490;ENSG00000204574;ENSG00000225989;ENSG00000231129;ENSG00000236342		False
UPF3B	ensembl:ENSG00000125351		False
GPHN	ensembl:ENSG00000171723		False
LRPPRC	ensembl:ENSG00000138095		False
CALU	ensembl:ENSG00000128595		False
CTNND1	ensembl:ENSG00000198561		False
CSDE1	ensembl:ENSG00000009307		False
CAPN1	ensembl:ENSG00000014216		False
CTSB	ensembl:ENSG00000285132;ENSG00000164733		False
SLC2A1	ensembl:ENSG00000117394		False
H2AX	ensembl:ENSG00000188486		False
GARS1	ensembl:ENSG00000106105		False
SRP9	ensembl:ENSG00000143742		False
CCT4	ensembl:ENSG00000115484		False
SNU13	ensembl:ENSG00000100138		False
EIF4A1	ensembl:ENSG00000161960		False
SEC61A1	ensembl:ENSG00000058262		False
PPP1CB	ensembl:ENSG00000213639		False
SNRPE	ensembl:ENSG00000182004		False
CNBP	ensembl:ENSG00000169714		False
GTF2I	ensembl:ENSG00000263001		False
SLC25A11	ensembl:ENSG00000108528		False
PPFIA1	ensembl:ENSG00000288198;ENSG00000131626		False
AIMP2	ensembl:ENSG00000106305		False
SRSF6	ensembl:ENSG00000124193		False
TRA2A	ensembl:ENSG00000164548		False
ZMYM3	ensembl:ENSG00000147130		False
ELOA	ensembl:ENSG00000011007		False
LBR	ensembl:ENSG00000143815		False
PPA1	ensembl:ENSG00000180817		False
TUBB8	ensembl:ENSG00000261456		False
ZC3H13	ensembl:ENSG00000123200		False
SND1	ensembl:ENSG00000197157		False
PLCD3	ensembl:ENSG00000161714		False
SREK1	ensembl:ENSG00000153914		False
ZFR	ensembl:ENSG00000056097		False
TUBB6	ensembl:ENSG00000176014		False
UTP14A	ensembl:ENSG00000156697		False
GNL3	ensembl:ENSG00000163938		False
MRPL22	ensembl:ENSG00000082515		False
RRP7A	ensembl:ENSG00000189306		False
SUPT16H	ensembl:ENSG00000092201		False
SQOR	ensembl:ENSG00000137767		False
RPN2	ensembl:ENSG00000118705		False
ACP1	ensembl:ENSG00000143727		False
AIMP1	ensembl:ENSG00000164022		False
PRPF38A	ensembl:ENSG00000134748		False
RAB1B	ensembl:ENSG00000174903		False
RPL26L1	ensembl:ENSG00000037241		False
HNRNPA1	ensembl:ENSG00000135486		False
VCAN	ensembl:ENSG00000038427		False
PKM	ensembl:ENSG00000067225		False
YWHAE	ensembl:ENSG00000108953;ENSG00000274474		False
ARF5	ensembl:ENSG00000004059		False
DSG1	ensembl:ENSG00000134760		False
DBN1	ensembl:ENSG00000113758		False
MPRIP	ensembl:ENSG00000133030		False
MRPL36	ensembl:ENSG00000171421		False
NOL7	ensembl:ENSG00000225921		False
LIMCH1	ensembl:ENSG00000064042		False
GAPDH	ensembl:ENSG00000111640		False
S100A9	ensembl:ENSG00000163220		False
PFN1	ensembl:ENSG00000108518		False
ELOF1	ensembl:ENSG00000130165		False
DCD	ensembl:ENSG00000161634		False
PRKCZ	ensembl:ENSG00000067606		False
S100A16	ensembl:ENSG00000188643		False
NCOA5	ensembl:ENSG00000124160		False
ARGLU1	ensembl:ENSG00000134884		False
HSP90AB1	ensembl:ENSG00000096384		False
EEF2	ensembl:ENSG00000167658		False
RPL22	ensembl:ENSG00000116251		False
MYH10	ensembl:ENSG00000133026		False
PRDX1	ensembl:ENSG00000117450		False
ACTBL2	ensembl:ENSG00000169067		False
LIMA1	ensembl:ENSG00000050405		False
MYO6	ensembl:ENSG00000196586		False
C11orf98	ensembl:ENSG00000278615		False
ZNF593	ensembl:ENSG00000142684		False
VIM	ensembl:ENSG00000026025		False
DSP	ensembl:ENSG00000096696		False
RPL35	ensembl:ENSG00000136942		False
RPS25	ensembl:ENSG00000118181;ENSG00000280831		False
RPL11	ensembl:ENSG00000142676		False
RPS17	ensembl:ENSG00000278229;ENSG00000182774		False
RPL27A	ensembl:ENSG00000166441		False
RPL37A	ensembl:ENSG00000197756		False
RPS18	ensembl:ENSG00000226225;ENSG00000235650;ENSG00000231500;ENSG00000223367;ENSG00000227794;ENSG00000096150		False
RPS29	ensembl:ENSG00000213741		False
RPS15	ensembl:ENSG00000115268		False
SMCHD1	ensembl:ENSG00000101596		False
NACA	ensembl:ENSG00000196531		False
SUPT5H	ensembl:ENSG00000196235		False
LAD1	ensembl:ENSG00000159166		False
HNRNPDL	ensembl:ENSG00000152795		False
ZNF185	ensembl:ENSG00000147394		False
EIF3D	ensembl:ENSG00000100353		False
SIPA1L1	ensembl:ENSG00000197555		False
SART1	ensembl:ENSG00000175467		False
NUDT21	ensembl:ENSG00000167005		False
SIPA1L3	ensembl:ENSG00000105738		False
DPM1	ensembl:ENSG00000000419		False
DKC1	ensembl:ENSG00000130826		False
NSA2	ensembl:ENSG00000164346		False
ANXA1	ensembl:ENSG00000135046		False
LDHB	ensembl:ENSG00000111716		False
LGALS1	ensembl:ENSG00000100097		False
PARP1	ensembl:ENSG00000143799		False
TOP2A	ensembl:ENSG00000131747		False
DARS1	ensembl:ENSG00000115866		False
TRIM21	ensembl:ENSG00000132109		False
DNMT1	ensembl:ENSG00000130816		False
PDIA3	ensembl:ENSG00000167004		False
SDHA	ensembl:ENSG00000073578		False
DNAJA1	ensembl:ENSG00000086061		False
YWHAB	ensembl:ENSG00000166913		False
PRSS3	ensembl:ENSG00000010438		False
PHB1	ensembl:ENSG00000167085		False
MYH9	ensembl:ENSG00000100345		False
FUS	ensembl:ENSG00000089280		False
DEK	ensembl:ENSG00000124795		False
SRP14	ensembl:ENSG00000140319		False
ETV6	ensembl:ENSG00000139083		False
SSR1	ensembl:ENSG00000124783		False
NOP2	ensembl:ENSG00000111641		False
PCYT1A	ensembl:ENSG00000161217		False
NUP153	ensembl:ENSG00000124789		False
RAB13	ensembl:ENSG00000143545		False
RARS1	ensembl:ENSG00000113643		False
HADHB	ensembl:ENSG00000138029		False
ATP5MF	ensembl:ENSG00000241468		False
CDC42	ensembl:ENSG00000070831		False
DSTN	ensembl:ENSG00000125868		False
ACTR2	ensembl:ENSG00000138071		False
RPL37	ensembl:ENSG00000145592		False
PPP1CA	ensembl:ENSG00000172531		False
TMSB4X	ensembl:ENSG00000205542		False
RPS26	ensembl:ENSG00000197728		False
FAU	ensembl:ENSG00000149806		False
RPS27A	ensembl:ENSG00000143947		False
CSNK2B	ensembl:ENSG00000230700;ENSG00000228875;ENSG00000224774;ENSG00000232960;ENSG00000206406;ENSG00000224398;ENSG00000204435		False
SPTBN1	ensembl:ENSG00000115306		False
NCBP1	ensembl:ENSG00000136937		False
IK	ensembl:ENSG00000113141		False
EIF3I	ensembl:ENSG00000084623		False
SQSTM1	ensembl:ENSG00000284099;ENSG00000161011		False
BLTP2	ensembl:ENSG00000007202		False
CLINT1	ensembl:ENSG00000113282		False
SMC1A	ensembl:ENSG00000072501		False
GOLGB1	ensembl:ENSG00000173230		False
KPNB1	ensembl:ENSG00000108424		False
KARS1	ensembl:ENSG00000065427		False
PDIA6	ensembl:ENSG00000143870		False
PCBP2	ensembl:ENSG00000197111		False
TOMM20	ensembl:ENSG00000173726		False
SF3A2	ensembl:ENSG00000104897		False
ELAVL1	ensembl:ENSG00000066044		False
PHLDA2	ensembl:ENSG00000274538;ENSG00000181649		False
RRP12	ensembl:ENSG00000052749		False
HP1BP3	ensembl:ENSG00000127483		False
SPOUT1	ensembl:ENSG00000198917		False
ZC3HAV1	ensembl:ENSG00000105939		False
MYH14	ensembl:ENSG00000105357		False
ALYREF	ensembl:ENSG00000183684		False
FTSJ3	ensembl:ENSG00000108592		False
FAM98A	ensembl:ENSG00000119812		False
THOC2	ensembl:ENSG00000125676		False
SMARCC2	ensembl:ENSG00000139613		False
NUP133	ensembl:ENSG00000069248		False
SNRNP27	ensembl:ENSG00000124380		False
H1-10	ensembl:ENSG00000184897		False
HSPH1	ensembl:ENSG00000120694		False
DPF2	ensembl:ENSG00000133884		False
EFHD2	ensembl:ENSG00000142634		False
SNRNP40	ensembl:ENSG00000060688		False
DNAJA3	ensembl:ENSG00000276726;ENSG00000103423		False
B3GALT6	ensembl:ENSG00000176022		False
NEK1	ensembl:ENSG00000137601		False
PSMD1	ensembl:ENSG00000173692		False
HNRNPAB	ensembl:ENSG00000197451		False
SDF4	ensembl:ENSG00000078808		False
RBM4	ensembl:ENSG00000173933		False
MND1	ensembl:ENSG00000121211		False
TEX12	ensembl:ENSG00000150783		False
NIFK	ensembl:ENSG00000155438		False
GTPBP4	ensembl:ENSG00000107937		False
EPB41L5	ensembl:ENSG00000115109		False
LUC7L	ensembl:ENSG00000007392		False
DDX18	ensembl:ENSG00000088205		False
TERF2IP	ensembl:ENSG00000166848		False
RCC2	ensembl:ENSG00000179051;ENSG00000281540		False
ACIN1	ensembl:ENSG00000100813		False
NWD2	ensembl:ENSG00000174145		False
CEP131	ensembl:ENSG00000141577		False
PA2G4	ensembl:ENSG00000170515		False
VDAC3	ensembl:ENSG00000078668		False
RRP15	ensembl:ENSG00000067533		False
STRAP	ensembl:ENSG00000023734		False
PKP3	ensembl:ENSG00000184363		False
CRYBG1	ensembl:ENSG00000112297		False
LRRFIP2	ensembl:ENSG00000093167		False
AP1M2	ensembl:ENSG00000129354		False
PES1	ensembl:ENSG00000100029		False
MPHOSPH10	ensembl:ENSG00000124383		False
KPNA4	ensembl:ENSG00000186432		False
ZBTB7B	ensembl:ENSG00000160685		False
WDR46	ensembl:ENSG00000206284;ENSG00000226916;ENSG00000204221;ENSG00000227057;ENSG00000236222		False
NKRF	ensembl:ENSG00000186416		False
KDM1A	ensembl:ENSG00000004487		False
HIP1R	ensembl:ENSG00000130787		False
SIN3B	ensembl:ENSG00000127511		False
ZNF217	ensembl:ENSG00000171940		False
SAP30	ensembl:ENSG00000164105		False
SURF6	ensembl:ENSG00000148296;ENSG00000281309		False
ATP5PD	ensembl:ENSG00000167863		False
RSL1D1	ensembl:ENSG00000171490		False
MTA2	ensembl:ENSG00000149480		False
PHF14	ensembl:ENSG00000106443		False
PRPF6	ensembl:ENSG00000101161		False
WIZ	ensembl:ENSG00000011451		False
MBD3	ensembl:ENSG00000071655		False
TP53	ensembl:ENSG00000141510		False
CNP	ensembl:ENSG00000173786		False
ACADM	ensembl:ENSG00000117054		False
TOP1	ensembl:ENSG00000198900		False
YBX3	ensembl:ENSG00000060138		False
EIF2AK2	ensembl:ENSG00000055332		False
EIF2S2	ensembl:ENSG00000125977		False
UQCRC2	ensembl:ENSG00000140740		False
ATP5PB	ensembl:ENSG00000116459		False
ARID4A	ensembl:ENSG00000032219		False
TYK2	ensembl:ENSG00000105397		False
CTNNB1	ensembl:ENSG00000168036		False
DDOST	ensembl:ENSG00000244038		False
CUX1	ensembl:ENSG00000257923		False
RBM34	ensembl:ENSG00000188739		False
CBX5	ensembl:ENSG00000094916		False
ATRX	ensembl:ENSG00000085224		False
CCT5	ensembl:ENSG00000150753		False
CPT1A	ensembl:ENSG00000110090		False
CCT8	ensembl:ENSG00000156261		False
FXR2	ensembl:ENSG00000129245		False
DAP3	ensembl:ENSG00000132676		False
SMARCA2	ensembl:ENSG00000080503		False
KPNA2	ensembl:ENSG00000182481		False
ADAR	ensembl:ENSG00000160710		False
LAMB2	ensembl:ENSG00000172037		False
RRP1	ensembl:ENSG00000160214		False
CTBP2	ensembl:ENSG00000175029		False
WDR5	ensembl:ENSG00000196363		False
UBA52	ensembl:ENSG00000221983		False
NOP14	ensembl:ENSG00000087269		False
RAE1	ensembl:ENSG00000101146		False
MRPS22	ensembl:ENSG00000175110		False
MRPS35	ensembl:ENSG00000061794		False
MRPS34	ensembl:ENSG00000074071		False
MRPS9	ensembl:ENSG00000135972		False
CEBPZ	ensembl:ENSG00000115816		False
RING1	ensembl:ENSG00000231115;ENSG00000206287;ENSG00000235107;ENSG00000228520;ENSG00000204227;ENSG00000226788		False
CKAP4	ensembl:ENSG00000136026		False
RBBP4	ensembl:ENSG00000162521		False
TBL3	ensembl:ENSG00000183751		False
GTF3C1	ensembl:ENSG00000077235		False
ASPH	ensembl:ENSG00000198363		False
CHD3	ensembl:ENSG00000170004		False
HNRNPA0	ensembl:ENSG00000177733		False
DDX10	ensembl:ENSG00000178105		False
MTA1	ensembl:ENSG00000182979		False
HDAC1	ensembl:ENSG00000116478		False
GNL2	ensembl:ENSG00000134697		False
RCN2	ensembl:ENSG00000117906		False
MDC1	ensembl:ENSG00000225589;ENSG00000231135;ENSG00000234012;ENSG00000137337;ENSG00000237095;ENSG00000224587;ENSG00000206481;ENSG00000228575		False
RRP1B	ensembl:ENSG00000160208		False
GSE1	ensembl:ENSG00000131149		False
PDCD11	ensembl:ENSG00000148843		False
BMS1	ensembl:ENSG00000165733		False
ARID5B	ensembl:ENSG00000150347		False
ZNF638	ensembl:ENSG00000075292		False
RRS1	ensembl:ENSG00000179041		False
WDR43	ensembl:ENSG00000163811		False
PUM3	ensembl:ENSG00000080608		False
RBBP7	ensembl:ENSG00000102054		False
CPSF6	ensembl:ENSG00000111605		False
ZNF827	ensembl:ENSG00000151612		False
ZNF800	ensembl:ENSG00000048405		False
TIMM50	ensembl:ENSG00000105197		False
ARID4B	ensembl:ENSG00000054267		False
BRMS1L	ensembl:ENSG00000100916		False
DNTTIP2	ensembl:ENSG00000067334		False
ATAD3B	ensembl:ENSG00000160072		False
C16orf87	ensembl:ENSG00000155330		False
MIDEAS	ensembl:ENSG00000156030		False
WDR74	ensembl:ENSG00000133316		False
PBRM1	ensembl:ENSG00000163939		False
MTDH	ensembl:ENSG00000147649		False
CASZ1	ensembl:ENSG00000130940		False
LUZP1	ensembl:ENSG00000169641		False
GATAD2A	ensembl:ENSG00000167491		False
WDR75	ensembl:ENSG00000115368		False
MGA	ensembl:ENSG00000174197		False
PHF6	ensembl:ENSG00000156531		False
SUGP2	ensembl:ENSG00000064607		False
RCOR2	ensembl:ENSG00000167771		False
MIER1	ensembl:ENSG00000198160		False
ZNF687	ensembl:ENSG00000143373		False
MIER2	ensembl:ENSG00000105556		False
ZGPAT	ensembl:ENSG00000197114		False
KRI1	ensembl:ENSG00000129347		False
CCDC71L	ensembl:ENSG00000253276		False
CMAS	ensembl:ENSG00000111726		False
WDR36	ensembl:ENSG00000134987		False
BAHD1	ensembl:ENSG00000140320		False
BRIX1	ensembl:ENSG00000113460		False
UTP15	ensembl:ENSG00000164338		False
ZNF296	ensembl:ENSG00000170684		False
GATAD1	ensembl:ENSG00000157259		False
PHIP	ensembl:ENSG00000146247		False
GATAD2B	ensembl:ENSG00000143614;ENSG00000261992		False
ZNF516	ensembl:ENSG00000101493		False
MRPS31	ensembl:ENSG00000102738		False
RREB1	ensembl:ENSG00000124782		False
L3MBTL2	ensembl:ENSG00000100395		False
PHF21A	ensembl:ENSG00000135365		False
FAF2	ensembl:ENSG00000113194		False
AP2M1	ensembl:ENSG00000161203		False
IMP4	ensembl:ENSG00000136718		False
DDX27	ensembl:ENSG00000124228		False
ZFP91	ensembl:ENSG00000186660		False
ZNF512B	ensembl:ENSG00000196700		False
EHMT2	ensembl:ENSG00000206376;ENSG00000232045;ENSG00000204371;ENSG00000227333;ENSG00000236759;ENSG00000224143;ENSG00000238134		False
PWWP2A	ensembl:ENSG00000170234		False
PURB	ensembl:ENSG00000146676		False
PHF12	ensembl:ENSG00000109118		False
H2AC1	ensembl:ENSG00000164508		False
SIN3A	ensembl:ENSG00000169375		False
DDX50	ensembl:ENSG00000107625		False
MYBBP1A	ensembl:ENSG00000132382		False
BUD13	ensembl:ENSG00000137656		False
C7orf50	ensembl:ENSG00000146540		False
MTA3	ensembl:ENSG00000057935		False
MRPS26	ensembl:ENSG00000125901		False
TNKS1BP1	ensembl:ENSG00000149115		False
BCL11B	ensembl:ENSG00000127152		False
DDX24	ensembl:ENSG00000273761;ENSG00000089737		False
XRN2	ensembl:ENSG00000088930		False
SAP130	ensembl:ENSG00000136715		False
MAGT1	ensembl:ENSG00000102158		False
DNTTIP1	ensembl:ENSG00000101457		False
BCL11A	ensembl:ENSG00000119866		False
ADNP	ensembl:ENSG00000101126		False
NOL6	ensembl:ENSG00000165271		False
RPF2	ensembl:ENSG00000197498		False
SUDS3	ensembl:ENSG00000111707		False
EHMT1	ensembl:ENSG00000181090		False
SAP30L	ensembl:ENSG00000164576		False
MYG1	ensembl:ENSG00000139637		False
BRMS1	ensembl:ENSG00000174744		False
HMG20A	ensembl:ENSG00000140382		False
NOP10	ensembl:ENSG00000182117		False
UTP3	ensembl:ENSG00000132467		False
PDS5B	ensembl:ENSG00000083642		False
ATAD3A	ensembl:ENSG00000197785		False
RBM28	ensembl:ENSG00000106344		False
LYAR	ensembl:ENSG00000145220		False
DDX56	ensembl:ENSG00000136271		False
VAPA	ensembl:ENSG00000101558		False
MACROH2A2	ensembl:ENSG00000099284		False
HMG20B	ensembl:ENSG00000064961		False
NHSL3	ensembl:ENSG00000162522		False
RRBP1	ensembl:ENSG00000125844		False
RCOR3	ensembl:ENSG00000117625		False
RERE	ensembl:ENSG00000142599		False
ZNF219	ensembl:ENSG00000165804		False
MBD2	ensembl:ENSG00000134046		False
MORF4L1	ensembl:ENSG00000185787		False
ZMYM2	ensembl:ENSG00000121741		False
TCF20	ensembl:ENSG00000262024;ENSG00000100207;ENSG00000283681;ENSG00000280467;ENSG00000276461;ENSG00000283026;ENSG00000282892;ENSG00000281897		False
RSL24D1	ensembl:ENSG00000137876		False
TRPS1	ensembl:ENSG00000104447		False
BAZ1B	ensembl:ENSG00000009954		False
ING1	ensembl:ENSG00000153487		False
RCOR1	ensembl:ENSG00000089902		False
CASP8AP2	ensembl:ENSG00000288475;ENSG00000118412		False
ZMYND8	ensembl:ENSG00000101040		False
WDR3	ensembl:ENSG00000065183		False
CDYL	ensembl:ENSG00000153046		False
HIGD1A	ensembl:ENSG00000181061		False
RUVBL1	ensembl:ENSG00000284901;ENSG00000175792		False
PADI2	ensembl:ENSG00000117115		False
MRPS28	ensembl:ENSG00000147586		False
MRPS7	ensembl:ENSG00000125445		False
RBMX2	ensembl:ENSG00000134597		False
UTP11	ensembl:ENSG00000183520		False
MRPL11	ensembl:ENSG00000174547		False
MRPS23	ensembl:ENSG00000181610		False
TBL2	ensembl:ENSG00000106638		False
UTP18	ensembl:ENSG00000011260		False
MRPS18B	ensembl:ENSG00000203624;ENSG00000204568;ENSG00000229861;ENSG00000223775;ENSG00000233813;ENSG00000227420;ENSG00000226111		False
CDK2AP1	ensembl:ENSG00000111328		False
DYNLL2	ensembl:ENSG00000264364		False
ZNF644	ensembl:ENSG00000122482		False
NOP53	ensembl:ENSG00000105373		False
ABCF2	ensembl:ENSG00000033050		False
TPX2	ensembl:ENSG00000088325		False
ZC3H4	ensembl:ENSG00000130749		False
RUVBL2	ensembl:ENSG00000183207		False
RRP9	ensembl:ENSG00000114767		False
MSH6	ensembl:ENSG00000116062		False
PFKP	ensembl:ENSG00000067057		False
CDC20	ensembl:ENSG00000117399		False
TARDBP	ensembl:ENSG00000120948		False
SRSF5	ensembl:ENSG00000100650		False
KRR1	ensembl:ENSG00000111615		False
THEM6	ensembl:ENSG00000130193		False
MRPS27	ensembl:ENSG00000113048		False
PTCD3	ensembl:ENSG00000132300		False
PCGF6	ensembl:ENSG00000156374		False
REXO4	ensembl:ENSG00000148300;ENSG00000280706		False
SINHCAF	ensembl:ENSG00000139146;ENSG00000276371		False
SLC25A13	ensembl:ENSG00000004864		False
PHF20L1	ensembl:ENSG00000129292		False
SPTBN2	ensembl:ENSG00000173898		False
RRP8	ensembl:ENSG00000132275		False
PFDN1	ensembl:ENSG00000113068		False
EIF3G	ensembl:ENSG00000130811		False
BAG2	ensembl:ENSG00000112208		False
H1-3	ensembl:ENSG00000124575		False
RHOA	ensembl:ENSG00000067560		False
MRPS5	ensembl:ENSG00000144029		False
MRPS15	ensembl:ENSG00000116898		False
PURA	ensembl:ENSG00000185129		False
EXOSC10	ensembl:ENSG00000171824		False
TAP2	ensembl:ENSG00000206299;ENSG00000223481;ENSG00000225967;ENSG00000228582;ENSG00000232326;ENSG00000237599;ENSG00000204267;ENSG00000206235		False
PWP1	ensembl:ENSG00000136045		False
EBP	ensembl:ENSG00000147155		False
PWP2	ensembl:ENSG00000241945		False
RAI1	ensembl:ENSG00000108557		False
DDX54	ensembl:ENSG00000123064		False
ZNF592	ensembl:ENSG00000166716		False
PRMT1	ensembl:ENSG00000126457		False
MRPL4	ensembl:ENSG00000105364		False
GAR1	ensembl:ENSG00000109534		False
DDX52	ensembl:ENSG00000277594;ENSG00000278053		False
NIPSNAP2	ensembl:ENSG00000146729		False
CPSF7	ensembl:ENSG00000149532		False
SNIP1	ensembl:ENSG00000163877		False
KIFC1	ensembl:ENSG00000204197;ENSG00000233450;ENSG00000237649;ENSG00000056678		False
SCAF1	ensembl:ENSG00000126461		False
COPE	ensembl:ENSG00000105669		False
NDUFS6	ensembl:ENSG00000145494		False
HEXIM1	ensembl:ENSG00000186834		False
TACSTD2	ensembl:ENSG00000184292		False
PAICS	ensembl:ENSG00000128050		False
POLR2B	ensembl:ENSG00000047315		False
QARS1	ensembl:ENSG00000172053		False
CTCF	ensembl:ENSG00000102974		False
ABCE1	ensembl:ENSG00000164163		False
TFAM	ensembl:ENSG00000108064		False
EWSR1	ensembl:ENSG00000182944		False
TRIM26	ensembl:ENSG00000234127;ENSG00000228881;ENSG00000234046;ENSG00000226060;ENSG00000230230;ENSG00000137313;ENSG00000231641;ENSG00000231002		False
RSBN1	ensembl:ENSG00000081019		False
RPL7L1	ensembl:ENSG00000146223		False
LARP1	ensembl:ENSG00000155506		False
TMEM205	ensembl:ENSG00000105518		False
POGZ	ensembl:ENSG00000143442		False
BEND7	ensembl:ENSG00000165626		False
NGDN	ensembl:ENSG00000129460		False
TAF15	ensembl:ENSG00000270647;ENSG00000276833		False
ARHGEF2	ensembl:ENSG00000116584		False
UTP4	ensembl:ENSG00000262788;ENSG00000141076		False
NDUFA13	ensembl:ENSG00000186010		False
SMC3	ensembl:ENSG00000108055		False
KIF2A	ensembl:ENSG00000068796		False
KPNA3	ensembl:ENSG00000102753		False
MRPS12	ensembl:ENSG00000128626;ENSG00000283018		False
NVL	ensembl:ENSG00000143748		False
NDUFB4	ensembl:ENSG00000065518		False
KAT7	ensembl:ENSG00000136504		False
SRPRA	ensembl:ENSG00000182934		False
MRPL3	ensembl:ENSG00000114686		False
PTPRF	ensembl:ENSG00000142949		False
CYBA	ensembl:ENSG00000051523		False
CEBPB	ensembl:ENSG00000172216		False
CTPS1	ensembl:ENSG00000171793		False
PFKL	ensembl:ENSG00000141959		False
KPNA1	ensembl:ENSG00000114030		False
MRPS6	ensembl:ENSG00000243927		False
RHOG	ensembl:ENSG00000177105		False
SMARCB1	ensembl:ENSG00000099956;ENSG00000275837		False
GRSF1	ensembl:ENSG00000132463		False
TRIP12	ensembl:ENSG00000153827		False
PTPRK	ensembl:ENSG00000152894;ENSG00000273993		False
DDB1	ensembl:ENSG00000167986		False
EXOSC6	ensembl:ENSG00000223496		False
BEND3	ensembl:ENSG00000178409		False
MRPL14	ensembl:ENSG00000180992		False
CCDC47	ensembl:ENSG00000108588		False
LRRC59	ensembl:ENSG00000108829		False
MRPS24	ensembl:ENSG00000062582		False
AURKB	ensembl:ENSG00000178999		False
WDR77	ensembl:ENSG00000116455		False
NOL10	ensembl:ENSG00000115761		False
NTPCR	ensembl:ENSG00000135778		False
DDX23	ensembl:ENSG00000174243		False
SF3B5	ensembl:ENSG00000169976		False
SENP3	ensembl:ENSG00000161956		False
CCDC86	ensembl:ENSG00000110104		False
RAB18	ensembl:ENSG00000099246		False
GNL3L	ensembl:ENSG00000130119		False
AATF	ensembl:ENSG00000275700;ENSG00000276072		False
SLC25A10	ensembl:ENSG00000183048		False
ZNF148	ensembl:ENSG00000163848		False
MRPS17	ensembl:ENSG00000239789		False
PPIL1	ensembl:ENSG00000137168		False
CAPZA2	ensembl:ENSG00000198898		False
SF3B4	ensembl:ENSG00000143368		False
SF3A1	ensembl:ENSG00000099995		False
POLR2A	ensembl:ENSG00000181222;ENSG00000284832		False
CALML5	ensembl:ENSG00000178372		False
PRPF3	ensembl:ENSG00000117360		False
E2F6	ensembl:ENSG00000169016		False
PSIP1	ensembl:ENSG00000164985		False
ACSL3	ensembl:ENSG00000123983		False
DSC1	ensembl:ENSG00000134765		False
INF2	ensembl:ENSG00000203485		False
MIER3	ensembl:ENSG00000155545		False
CCDC71	ensembl:ENSG00000177352		False
DDX51	ensembl:ENSG00000288503;ENSG00000185163		False
NOC3L	ensembl:ENSG00000173145		False
BBX	ensembl:ENSG00000114439		False
DCAF13	ensembl:ENSG00000164934		False
IMP3	ensembl:ENSG00000177971		False
TMCO1	ensembl:ENSG00000143183		False
DDX39A	ensembl:ENSG00000123136		False
CCN1	ensembl:ENSG00000142871		False
TCERG1	ensembl:ENSG00000113649		False
SPTLC1	ensembl:ENSG00000090054		False
BUB3	ensembl:ENSG00000154473		False
AKAP8	ensembl:ENSG00000105127		False
DHX16	ensembl:ENSG00000233561;ENSG00000206486;ENSG00000226171;ENSG00000231377;ENSG00000204560;ENSG00000233049;ENSG00000233418;ENSG00000227222		False
CDC40	ensembl:ENSG00000168438		False
KIN	ensembl:ENSG00000151657		False
DNAJB6	ensembl:ENSG00000105993		False
SEC22B	ensembl:ENSG00000265808		False
NUP155	ensembl:ENSG00000113569		False
SUN1	ensembl:ENSG00000164828		False
UBR5	ensembl:ENSG00000104517		False
KIF20A	ensembl:ENSG00000112984		False
ZBTB7A	ensembl:ENSG00000178951		False
AP2A1	ensembl:ENSG00000196961		False
ACTL6A	ensembl:ENSG00000136518		False
A2M	ensembl:ENSG00000175899		False
CYC1	ensembl:ENSG00000179091		False
HLA-C	ensembl:ENSG00000237022;ENSG00000228299;ENSG00000204525;ENSG00000206452;ENSG00000225691;ENSG00000233841;ENSG00000206435		False
PDHB	ensembl:ENSG00000168291		False
PRDX2	ensembl:ENSG00000167815		False
MCM5	ensembl:ENSG00000100297		False
RFC4	ensembl:ENSG00000163918		False
RFC1	ensembl:ENSG00000035928		False
RFC3	ensembl:ENSG00000133119		False
IARS1	ensembl:ENSG00000196305		False
PRKCI	ensembl:ENSG00000163558		False
TMEM33	ensembl:ENSG00000109133		False
PSMC6	ensembl:ENSG00000100519		False
MRPS21	ensembl:ENSG00000266472		False
AKAP17A	ensembl:ENSG00000197976		False
EIF4G1	ensembl:ENSG00000114867		False
SRSF4	ensembl:ENSG00000116350		False
NSUN2	ensembl:ENSG00000037474		False
TCOF1	ensembl:ENSG00000070814		False
BYSL	ensembl:ENSG00000112578		False
USP10	ensembl:ENSG00000103194		False
GANAB	ensembl:ENSG00000089597		False
KNOP1	ensembl:ENSG00000103550		False
SMU1	ensembl:ENSG00000122692		False
ZNF326	ensembl:ENSG00000162664		False
NOL9	ensembl:ENSG00000162408		False
CDC73	ensembl:ENSG00000134371		False
CTR9	ensembl:ENSG00000198730		False
FIP1L1	ensembl:ENSG00000145216		False
DHX30	ensembl:ENSG00000132153		False
TRMT1L	ensembl:ENSG00000121486		False
PNPLA6	ensembl:ENSG00000032444		False
LRRC47	ensembl:ENSG00000130764		False
ASCC3	ensembl:ENSG00000112249		False
MACO1	ensembl:ENSG00000204178		False
ZBTB2	ensembl:ENSG00000181472		False
LSM14A	ensembl:ENSG00000262860;ENSG00000257103		False
MCU	ensembl:ENSG00000156026		False
KIF18A	ensembl:ENSG00000121621		False
SLC39A7	ensembl:ENSG00000227402;ENSG00000229802;ENSG00000226614;ENSG00000224399;ENSG00000206288;ENSG00000112473		False
GCDH	ensembl:ENSG00000105607		False
NSUN4	ensembl:ENSG00000117481		False
RSF1	ensembl:ENSG00000048649		False
NOC4L	ensembl:ENSG00000288146;ENSG00000184967		False
ACTRT3	ensembl:ENSG00000184378		False
CRNKL1	ensembl:ENSG00000101343		False
WDR12	ensembl:ENSG00000138442		False
RPF1	ensembl:ENSG00000117133		False
PREB	ensembl:ENSG00000138073		False
RBM22	ensembl:ENSG00000086589		False
PAK1IP1	ensembl:ENSG00000285226;ENSG00000111845		False
PFDN2	ensembl:ENSG00000143256		False
MAGED2	ensembl:ENSG00000102316		False
ASF1A	ensembl:ENSG00000111875		False
RCL1	ensembl:ENSG00000120158		False
MRPS2	ensembl:ENSG00000122140		False
JRKL	ensembl:ENSG00000183340		False
RBM19	ensembl:ENSG00000122965		False
UQCRQ	ensembl:ENSG00000164405		False
ARPC1B	ensembl:ENSG00000130429		False
RAB10	ensembl:ENSG00000084733		False
SRSF2	ensembl:ENSG00000161547		False
HACD2	ensembl:ENSG00000206527		False
LMO7	ensembl:ENSG00000136153		False
MYO5B	ensembl:ENSG00000167306		False
KRT9	ensembl:ENSG00000171403		False
ZNF546	ensembl:ENSG00000187187;ENSG00000281526		False
PPP1R12A	ensembl:ENSG00000058272		False
PPP1R9B	ensembl:ENSG00000108819		False
H1-4	ensembl:ENSG00000168298		False
CAD	ensembl:ENSG00000084774		False
ARGFX	ensembl:ENSG00000186103		False
POLRMT	ensembl:ENSG00000099821		False
TRIM38	ensembl:ENSG00000112343		False
SCD	ensembl:ENSG00000099194		False
AP3D1	ensembl:ENSG00000065000		False
CHD1	ensembl:ENSG00000153922		False
PRMT5	ensembl:ENSG00000100462		False
GIPC1	ensembl:ENSG00000123159		False
ARPC3	ensembl:ENSG00000111229		False
GNPAT	ensembl:ENSG00000116906		False
TNRC18	ensembl:ENSG00000182095		False
EEF1E1	ensembl:ENSG00000124802		False
CHMP2A	ensembl:ENSG00000130724		False
NDUFS5	ensembl:ENSG00000168653		False
EDF1	ensembl:ENSG00000107223		False
NDUFS2	ensembl:ENSG00000158864		False
ATP6V1G1	ensembl:ENSG00000136888		False
NPM3	ensembl:ENSG00000107833		False
ATP5MG	ensembl:ENSG00000167283		False
ZFPL1	ensembl:ENSG00000162300		False
FARS2	ensembl:ENSG00000145982		False
SVIL	ensembl:ENSG00000197321		False
SGPL1	ensembl:ENSG00000166224		False
RAB3D	ensembl:ENSG00000105514		False
SYF2	ensembl:ENSG00000117614		False
NSD2	ensembl:ENSG00000109685		False
CYB5R3	ensembl:ENSG00000100243		False
COX2	ensembl:ENSG00000198712		False
HP	ensembl:ENSG00000257017		False
ASS1	ensembl:ENSG00000130707		False
FTH1	ensembl:ENSG00000167996		False
KRT6B	ensembl:ENSG00000185479		False
HLA-A	ensembl:ENSG00000206505;ENSG00000229215;ENSG00000227715;ENSG00000224320;ENSG00000235657;ENSG00000206503;ENSG00000223980;ENSG00000231834		False
ATP1B1	ensembl:ENSG00000143153		False
EIF2S1	ensembl:ENSG00000134001		False
HMGN2	ensembl:ENSG00000198830		False
YES1	ensembl:ENSG00000176105		False
ANXA6	ensembl:ENSG00000197043		False
GNAI3	ensembl:ENSG00000065135		False
SNRPA	ensembl:ENSG00000077312		False
SNRPC	ensembl:ENSG00000124562		False
HMGB1	ensembl:ENSG00000189403		False
POLA1	ensembl:ENSG00000101868		False
C4B	ensembl:ENSG00000228267;ENSG00000236625;ENSG00000224389;ENSG00000228454;ENSG00000224639		False
LAMP1	ensembl:ENSG00000185896		False
SLC25A4	ensembl:ENSG00000151729		False
COX4I1	ensembl:ENSG00000131143		False
EZR	ensembl:ENSG00000092820		False
GNB3	ensembl:ENSG00000111664		False
HMGA1	ensembl:ENSG00000137309		False
PSMC3	ensembl:ENSG00000165916		False
COMT	ensembl:ENSG00000093010		False
DDX6	ensembl:ENSG00000110367		False
PSMA5	ensembl:ENSG00000143106		False
KDM5A	ensembl:ENSG00000073614		False
CD40LG	ensembl:ENSG00000102245		False
CDA	ensembl:ENSG00000158825		False
ARL1	ensembl:ENSG00000120805		False
EIF2S3	ensembl:ENSG00000130741		False
TMPO	ensembl:ENSG00000120802		False
SLC1A3	ensembl:ENSG00000079215		False
MARCKSL1	ensembl:ENSG00000175130		False
CENPA	ensembl:ENSG00000115163		False
NUMB	ensembl:ENSG00000133961		False
RANBP2	ensembl:ENSG00000153201		False
HSD17B4	ensembl:ENSG00000133835		False
ZNF157	ensembl:ENSG00000147117		False
PSMD4	ensembl:ENSG00000159352		False
H2BC5	ensembl:ENSG00000158373		False
SEC61G	ensembl:ENSG00000132432		False
RAB14	ensembl:ENSG00000119396		False
SNRPF	ensembl:ENSG00000139343		False
GNB1	ensembl:ENSG00000078369		False
GNB2	ensembl:ENSG00000172354		False
RPL39	ensembl:ENSG00000198918		False
RAC1	ensembl:ENSG00000136238		False
SEC11A	ensembl:ENSG00000140612		False
MRPS11	ensembl:ENSG00000181991		False
RBM10	ensembl:ENSG00000182872		False
CDC42EP1	ensembl:ENSG00000128283		False
SP3	ensembl:ENSG00000172845		False
TOP2B	ensembl:ENSG00000077097		False
DST	ensembl:ENSG00000151914		False
KMT2A	ensembl:ENSG00000118058		False
ERCC6	ensembl:ENSG00000225830		False
TAP1	ensembl:ENSG00000226173;ENSG00000206297;ENSG00000227816;ENSG00000168394;ENSG00000224212;ENSG00000224748;ENSG00000230705;ENSG00000232367		False
SSBP1	ensembl:ENSG00000106028;ENSG00000262771		False
C1QBP	ensembl:ENSG00000108561		False
GOLGA2	ensembl:ENSG00000167110		False
SSRP1	ensembl:ENSG00000149136		False
CPSF1	ensembl:ENSG00000285049;ENSG00000071894		False
SF3A3	ensembl:ENSG00000183431		False
DUSP4	ensembl:ENSG00000120875		False
PLD1	ensembl:ENSG00000075651		False
MRPL49	ensembl:ENSG00000149792		False
PIN1	ensembl:ENSG00000127445		False
CAMK2G	ensembl:ENSG00000148660		False
RUNX3	ensembl:ENSG00000020633		False
TUBB2A	ensembl:ENSG00000137267		False
CDK13	ensembl:ENSG00000065883		False
TFDP1	ensembl:ENSG00000198176		False
FHL2	ensembl:ENSG00000115641		False
CTTN	ensembl:ENSG00000085733;ENSG00000288401		False
FXYD3	ensembl:ENSG00000089356		False
NOLC1	ensembl:ENSG00000166197		False
ACAP1	ensembl:ENSG00000072818;ENSG00000288169		False
ELOC	ensembl:ENSG00000154582		False
NHERF2	ensembl:ENSG00000065054		False
SF1	ensembl:ENSG00000168066		False
NDUFA5	ensembl:ENSG00000128609		False
CDCA8	ensembl:ENSG00000134690		False
SPECC1L	ensembl:ENSG00000100014		False
PWWP2B	ensembl:ENSG00000171813		False
CAVIN1	ensembl:ENSG00000177469		False
SBSN	ensembl:ENSG00000189001		False
RPS27L	ensembl:ENSG00000185088		False
LPCAT2	ensembl:ENSG00000087253		False
PHF5A	ensembl:ENSG00000100410		False
KTN1	ensembl:ENSG00000126777		False
ABCA13	ensembl:ENSG00000179869		False
ZC3H18	ensembl:ENSG00000158545		False
RPS19BP1	ensembl:ENSG00000187051		False
FAM219A	ensembl:ENSG00000164970		False
SELENOH	ensembl:ENSG00000211450		False
STT3B	ensembl:ENSG00000163527		False
DLG5	ensembl:ENSG00000274429;ENSG00000151208		False
TFB1M	ensembl:ENSG00000029639		False
CCT6B	ensembl:ENSG00000132141		False
SMARCD2	ensembl:ENSG00000108604		False
RRP36	ensembl:ENSG00000124541		False
RNPC3	ensembl:ENSG00000185946		False
YTHDC1	ensembl:ENSG00000083896;ENSG00000275272		False
DOCK7	ensembl:ENSG00000116641		False
FAM111A	ensembl:ENSG00000166801		False
YME1L1	ensembl:ENSG00000136758		False
SCAF11	ensembl:ENSG00000139218		False
H2BC15	ensembl:ENSG00000233822		False
RBM4B	ensembl:ENSG00000173914		False
TCF25	ensembl:ENSG00000141002		False
MRPL57	ensembl:ENSG00000173141		False
CORO1B	ensembl:ENSG00000172725		False
OVOL2	ensembl:ENSG00000125850		False
CARD10	ensembl:ENSG00000100065		False
TAPBPL	ensembl:ENSG00000139192		False
SRRT	ensembl:ENSG00000087087		False
MAK16	ensembl:ENSG00000198042		False
RACGAP1	ensembl:ENSG00000161800		False
DDX47	ensembl:ENSG00000213782		False
TSPYL1	ensembl:ENSG00000189241		False
PARL	ensembl:ENSG00000175193		False
CHMP4B	ensembl:ENSG00000101421		False
OSBPL3	ensembl:ENSG00000070882		False
HEATR1	ensembl:ENSG00000119285		False
RIOX1	ensembl:ENSG00000170468		False
C8orf33	ensembl:ENSG00000182307		False
PHAX	ensembl:ENSG00000164902		False
MOV10	ensembl:ENSG00000155363		False
MRPL47	ensembl:ENSG00000136522		False
SARS2	ensembl:ENSG00000104835;ENSG00000283104		False
BRD7	ensembl:ENSG00000166164		False
MBNL1	ensembl:ENSG00000152601		False
OSTC	ensembl:ENSG00000198856		False
UTP6	ensembl:ENSG00000108651		False
CISD1	ensembl:ENSG00000122873		False
MTCH1	ensembl:ENSG00000137409		False
MYOF	ensembl:ENSG00000138119		False
USP36	ensembl:ENSG00000055483		False
CGN	ensembl:ENSG00000143375		False
NXF1	ensembl:ENSG00000162231		False
DAXX	ensembl:ENSG00000204209;ENSG00000206279;ENSG00000206206;ENSG00000227046;ENSG00000231617;ENSG00000229396		False
SEC63	ensembl:ENSG00000025796		False
STOML2	ensembl:ENSG00000165283		False
IKZF2	ensembl:ENSG00000030419		False
ZNF346	ensembl:ENSG00000113761		False
AKAP8L	ensembl:ENSG00000011243		False
MACF1	ensembl:ENSG00000127603		False
NIP7	ensembl:ENSG00000132603		False
FARSA	ensembl:ENSG00000179115		False
SSX2IP	ensembl:ENSG00000117155		False
KDM2A	ensembl:ENSG00000173120		False
WBP11	ensembl:ENSG00000084463		False
MRPS16	ensembl:ENSG00000182180		False
MRPS18C	ensembl:ENSG00000163319		False
NOC2L	ensembl:ENSG00000188976		False
SRPRB	ensembl:ENSG00000144867		False
KMT2D	ensembl:ENSG00000167548		False
CLTA	ensembl:ENSG00000122705		False
WTAP	ensembl:ENSG00000146457		False
CCAR1	ensembl:ENSG00000060339		False
KMT2C	ensembl:ENSG00000055609		False
WARS2	ensembl:ENSG00000116874		False
MYO5C	ensembl:ENSG00000128833		False
MYL6B	ensembl:ENSG00000196465		False
DPY30	ensembl:ENSG00000162961		False
MYO5A	ensembl:ENSG00000197535		False
CLTB	ensembl:ENSG00000175416		False
ABLIM1	ensembl:ENSG00000099204		False
N4BP3	ensembl:ENSG00000145911		False
GSN	ensembl:ENSG00000148180		False
MYO1E	ensembl:ENSG00000157483		False
ACTR3	ensembl:ENSG00000115091		False
TRIM25	ensembl:ENSG00000121060		False
CIP2A	ensembl:ENSG00000163507		False
SPECC1	ensembl:ENSG00000128487		False
RBM25	ensembl:ENSG00000119707		False
ARPC4	ensembl:ENSG00000241553		False
DCTN2	ensembl:ENSG00000175203		False
KIF26B	ensembl:ENSG00000162849;ENSG00000281216		False
PAXIP1	ensembl:ENSG00000157212		False
SFRP1	ensembl:ENSG00000104332		False
CORO1C	ensembl:ENSG00000110880		False
ATMIN	ensembl:ENSG00000166454		False
FOXN2	ensembl:ENSG00000170802		False
MYH11	ensembl:ENSG00000133392;ENSG00000276480		False
HSPE1	ensembl:ENSG00000115541		False
FABP5	ensembl:ENSG00000164687		False
EXOSC7	ensembl:ENSG00000075914		False
GRTP1	ensembl:ENSG00000139835		False
LSR	ensembl:ENSG00000105699		False
TMA16	ensembl:ENSG00000198498		False
SALL3	ensembl:ENSG00000263310;ENSG00000256463;ENSG00000277015		False
ZNF316	ensembl:ENSG00000205903		False
ARID1A	ensembl:ENSG00000117713		False
DNAJC13	ensembl:ENSG00000138246		False
SS18L1	ensembl:ENSG00000184402		False
PRKRA	ensembl:ENSG00000180228		False
SRP72	ensembl:ENSG00000174780		False
RPLP0	ensembl:ENSG00000089157		False
CSNK2A2	ensembl:ENSG00000070770		False
HNRNPH3	ensembl:ENSG00000096746		False
KDELR2	ensembl:ENSG00000136240		False
MTREX	ensembl:ENSG00000039123		False
MRPS25	ensembl:ENSG00000131368		False
LACTB	ensembl:ENSG00000103642		False
EXOSC9	ensembl:ENSG00000123737		False
BOP1	ensembl:ENSG00000261236;ENSG00000285301		False
ZMYND11	ensembl:ENSG00000015171		False
SS18	ensembl:ENSG00000141380		False
BCL7A	ensembl:ENSG00000110987;ENSG00000282873		False
ARID2	ensembl:ENSG00000189079		False
BICRAL	ensembl:ENSG00000112624		False
MRPL54	ensembl:ENSG00000183617		False
SMARCD3	ensembl:ENSG00000082014		False
ARID1B	ensembl:ENSG00000049618		False
CREB3L4	ensembl:ENSG00000143578		False
GTF3C2	ensembl:ENSG00000115207		False
PHF10	ensembl:ENSG00000130024		False
BCL7C	ensembl:ENSG00000099385		False
SMARCC1	ensembl:ENSG00000173473		False
SMARCE1	ensembl:ENSG00000073584		False
SMARCD1	ensembl:ENSG00000066117		False
ZNF512	ensembl:ENSG00000243943		False
SRPK1	ensembl:ENSG00000096063		False
BCL7B	ensembl:ENSG00000106635		False
NOL11	ensembl:ENSG00000130935		False
DDX31	ensembl:ENSG00000125485		False
BRD9	ensembl:ENSG00000028310		False
BAZ1A	ensembl:ENSG00000198604		False
SPATS2L	ensembl:ENSG00000196141		False
NHP2	ensembl:ENSG00000145912		False
TEX10	ensembl:ENSG00000136891		False
FAM120A	ensembl:ENSG00000048828		False
MRTO4	ensembl:ENSG00000053372		False
DIMT1	ensembl:ENSG00000086189		False
MRPS33	ensembl:ENSG00000090263		False
TLN1	ensembl:ENSG00000137076		False
LAS1L	ensembl:ENSG00000001497		False
FAM111B	ensembl:ENSG00000189057		False
GRWD1	ensembl:ENSG00000105447		False
POLR1G	ensembl:ENSG00000117877		False
EIF5B	ensembl:ENSG00000158417		False
KIF23	ensembl:ENSG00000137807		False
STAU2	ensembl:ENSG00000040341		False
SRP68	ensembl:ENSG00000167881		False
PTDSS1	ensembl:ENSG00000156471		False
AHNAK	ensembl:ENSG00000124942		False
CDC37	ensembl:ENSG00000105401		False
HS2ST1	ensembl:ENSG00000153936		False
PAF1	ensembl:ENSG00000006712		False
CHMP1A	ensembl:ENSG00000131165		False
URB1	ensembl:ENSG00000142207		False
SSB	ensembl:ENSG00000138385		False
SNRPB2	ensembl:ENSG00000125870		False
CSNK2A1	ensembl:ENSG00000101266		False
FRG1	ensembl:ENSG00000109536;ENSG00000283153;ENSG00000283630;ENSG00000275145		False
LSM14B	ensembl:ENSG00000149657		False
ESF1	ensembl:ENSG00000089048		False
ISG20L2	ensembl:ENSG00000143319		False
RBM7	ensembl:ENSG00000076053		False
HACD3	ensembl:ENSG00000074696		False
MGST3	ensembl:ENSG00000143198		False
CDH1	ensembl:ENSG00000039068		False
UBTF	ensembl:ENSG00000108312		False
MRPS10	ensembl:ENSG00000048544		False
PRPF31	ensembl:ENSG00000277154;ENSG00000105618;ENSG00000274651;ENSG00000275117;ENSG00000274144;ENSG00000277953;ENSG00000276421;ENSG00000277707;ENSG00000274894;ENSG00000275885		False
NUSAP1	ensembl:ENSG00000137804		False
INCENP	ensembl:ENSG00000149503		False
MRPL15	ensembl:ENSG00000137547		False
YTHDF2	ensembl:ENSG00000198492		False
PPP1CC	ensembl:ENSG00000186298		False
NAP1L1	ensembl:ENSG00000187109		False
MOGS	ensembl:ENSG00000115275		False
USP7	ensembl:ENSG00000187555		False
KPLCE	ensembl:ENSG00000198854		False
SPOP	ensembl:ENSG00000121067		False
SERPINB12	ensembl:ENSG00000166634		False
SURF4	ensembl:ENSG00000148248;ENSG00000280951		False
PTBP3	ensembl:ENSG00000119314		False
AP2B1	ensembl:ENSG00000006125		False
TGM3	ensembl:ENSG00000125780		False
PKP1	ensembl:ENSG00000081277		False
ZNF460	ensembl:ENSG00000197714		False
ZCCHC7	ensembl:ENSG00000147905		False
ASF1B	ensembl:ENSG00000105011;ENSG00000288210		False
ARG1	ensembl:ENSG00000118520		False
CENPB	ensembl:ENSG00000125817		False
POLR2E	ensembl:ENSG00000099817		False
EXOSC2	ensembl:ENSG00000130713		False
PTGES3	ensembl:ENSG00000110958		False
MAP7D1	ensembl:ENSG00000116871		False
NOM1	ensembl:ENSG00000146909		False
ZNF766	ensembl:ENSG00000196214		False
ESRP1	ensembl:ENSG00000104413		False
RBBP6	ensembl:ENSG00000122257		False
DPF1	ensembl:ENSG00000011332		False
DAZAP1	ensembl:ENSG00000071626		False
FUBP3	ensembl:ENSG00000107164		False
RBM42	ensembl:ENSG00000126254		False
DHX36	ensembl:ENSG00000281763;ENSG00000174953		False
DHX33	ensembl:ENSG00000005100		False
CACYBP	ensembl:ENSG00000116161		False
EXOSC3	ensembl:ENSG00000107371		False
NCCRP1	ensembl:ENSG00000188505		False
LGALS7B	ensembl:ENSG00000282902;ENSG00000178934		False
PUSL1	ensembl:ENSG00000169972		False
KCNN4	ensembl:ENSG00000104783		False
DUSP11	ensembl:ENSG00000144048		False
KRAS	ensembl:ENSG00000133703		False
SNRPA1	ensembl:ENSG00000131876		False
SDC1	ensembl:ENSG00000115884		False
CASP14	ensembl:ENSG00000105141		False
RECQL	ensembl:ENSG00000004700		False
NCBP2	ensembl:ENSG00000114503		False
RBM5	ensembl:ENSG00000003756		False
ACTR1A	ensembl:ENSG00000138107		False
EEF1A1	ensembl:ENSG00000156508		False
TUBB3	ensembl:ENSG00000258947		False
MRPL43	ensembl:ENSG00000055950		False
OR4A16	ensembl:ENSG00000181961		False
HNRNPLL	ensembl:ENSG00000143889		False
MRPL53	ensembl:ENSG00000204822		False
WDR18	ensembl:ENSG00000065268		False
EXOSC4	ensembl:ENSG00000178896		False
CCDC59	ensembl:ENSG00000133773		False
GTF3C4	ensembl:ENSG00000125484		False
PRRC2C	ensembl:ENSG00000117523		False
