geneA	geneB
DNMT3A	SAP18
DNMT3A	DDX3X
DNMT3A	SEC16A
DNMT3A	U2SURP
DNMT3A	SYNJ2
DNMT3A	DHX15
DNMT3A	HNRNPR
DNMT3A	SYNCRIP
DNMT3A	MRPS14
DNMT3A	DNAJA2
DNMT3A	FLNB
DNMT3A	NCOR1
DNMT3A	PRPF40A
DNMT3A	SRSF10
DNMT3A	SNRNP200
DNMT3A	BCAS2
DNMT3A	LUC7L3
DNMT3A	LDHA
DNMT3A	EGFR
DNMT3A	PLG
DNMT3A	HSPB1
DNMT3A	ATP1A1
DNMT3A	SLC25A5
DNMT3A	KRT18
DNMT3A	ATP5F1B
DNMT3A	NPM1
DNMT3A	H1-0
DNMT3A	TUBB
DNMT3A	HNRNPC
DNMT3A	SNRNP70
DNMT3A	TPM1
DNMT3A	HSPA5
DNMT3A	HSPA8
DNMT3A	DBT
DNMT3A	PABPC1
DNMT3A	SLC25A6
DNMT3A	BCKDHA
DNMT3A	HNRNPL
DNMT3A	RPS2
DNMT3A	H1-5
DNMT3A	DDX5
DNMT3A	RPL35A
DNMT3A	RPL7
DNMT3A	SON
DNMT3A	RPL17
DNMT3A	NCL
DNMT3A	PCMT1
DNMT3A	FBL
DNMT3A	HNRNPA2B1
DNMT3A	SFPQ
DNMT3A	RPS3
DNMT3A	CFL1
DNMT3A	RPS12
DNMT3A	ATP5F1A
DNMT3A	U2AF2
DNMT3A	RPL13
DNMT3A	PTBP1
DNMT3A	RPL10
DNMT3A	ABCD3
DNMT3A	GRN
DNMT3A	HNRNPH1
DNMT3A	RPL4
DNMT3A	RBMX
DNMT3A	HSPA9
DNMT3A	EIF4A3
DNMT3A	RPS19
DNMT3A	RPL3
DNMT3A	RPS27
DNMT3A	MATR3
DNMT3A	VDAC2
DNMT3A	RPL5
DNMT3A	RPS9
DNMT3A	RPS5
DNMT3A	RPL29
DNMT3A	ATP5PO
DNMT3A	TUFM
DNMT3A	RARRES1
DNMT3A	EMD
DNMT3A	RPL14
DNMT3A	SSR4
DNMT3A	HNRNPA3
DNMT3A	HNRNPM
DNMT3A	HNRNPF
DNMT3A	COPA
DNMT3A	HNRNPH2
DNMT3A	MARS1
DNMT3A	RPS20
DNMT3A	RPL15
DNMT3A	HNRNPK
DNMT3A	RPS8
DNMT3A	RPS15A
DNMT3A	RPS16
DNMT3A	RPS13
DNMT3A	SNRPD1
DNMT3A	SNRPD3
DNMT3A	RPL7A
DNMT3A	RPS4X
DNMT3A	RPS6
DNMT3A	RAN
DNMT3A	RPL23
DNMT3A	RPS24
DNMT3A	RPS28
DNMT3A	RPL30
DNMT3A	RPL31
DNMT3A	RPL10A
DNMT3A	RPL32
DNMT3A	RPL8
DNMT3A	TRA2B
DNMT3A	RACK1
DNMT3A	YBX1
DNMT3A	TUBB4B
DNMT3A	H3C12
DNMT3A	PRKDC
DNMT3A	RPL24
DNMT3A	ERH
DNMT3A	RPL19
DNMT3A	CLTC
DNMT3A	HNRNPU
DNMT3A	RPL18A
DNMT3A	RPL6
DNMT3A	SRSF11
DNMT3A	RPL18
DNMT3A	KHDRBS1
DNMT3A	ILF2
DNMT3A	ILF3
DNMT3A	FLII
DNMT3A	CBX3
DNMT3A	PABPC4
DNMT3A	SF3B2
DNMT3A	PRPF4B
DNMT3A	TRIM29
DNMT3A	DYNC1H1
DNMT3A	EFTUD2
DNMT3A	PLEC
DNMT3A	PCM1
DNMT3A	NONO
DNMT3A	RNPS1
DNMT3A	SF3B3
DNMT3A	SRSF7
DNMT3A	HNRNPUL2
DNMT3A	GORAB
DNMT3A	PRPF8
DNMT3A	ZC3H14
DNMT3A	CCDC9B
DNMT3A	H3C15
DNMT3A	DDX46
DNMT3A	IRF2BP2
DNMT3A	PABPN1
DNMT3A	IRF2BP1
DNMT3A	SRRM1
DNMT3A	NKAP
DNMT3A	SREK1IP1
DNMT3A	GATD1
DNMT3A	EPS8L1
DNMT3A	DDX1
DNMT3A	DDX17
DNMT3A	UPF1
DNMT3A	ZBTB10
DNMT3A	PGAM5
DNMT3A	PAWR
DNMT3A	FYTTD1
DNMT3A	CDC5L
DNMT3A	CCT7
DNMT3A	POLDIP3
DNMT3A	UBA5
DNMT3A	PNN
DNMT3A	BCL2L12
DNMT3A	ZCCHC17
DNMT3A	DDX21
DNMT3A	LANCL2
DNMT3A	SLTM
DNMT3A	BCLAF1
DNMT3A	TECR
DNMT3A	DNMT3B
DNMT3A	PUF60
DNMT3A	DDX41
DNMT3A	RALY
DNMT3A	PRPF19
DNMT3A	SRRM2
DNMT3A	THRAP3
DNMT3A	NOP16
DNMT3A	CHTOP
DNMT3A	RBM8A
DNMT3A	DNMT3A
DNMT3A	RPLP2
DNMT3A	ENO1
DNMT3A	LMNB1
DNMT3A	EEF1G
DNMT3A	RPL21
DNMT3A	RPL28
DNMT3A	VCP
DNMT3A	EPPK1
DNMT3A	RPS3A
DNMT3A	RPL27
DNMT3A	RPS11
DNMT3A	H4C9
DNMT3A	RPL36A
DNMT3A	LOC102724594
DNMT3A	SRSF1
DNMT3A	TRIM28
DNMT3A	RBM39
DNMT3A	RBM14
DNMT3A	RBM15
DNMT3A	TMOD3
DNMT3A	PRR12
DNMT3A	FCF1
DNMT3A	EPRS1
DNMT3A	TERF2
DNMT3A	SERBP1
DNMT3A	SLIRP
DNMT3A	S100A14
DNMT3A	RTRAF
DNMT3A	CCDC9
DNMT3A	RPN1
DNMT3A	CD44
DNMT3A	ATP5F1C
DNMT3A	HADHA
DNMT3A	EIF3B
DNMT3A	MTCP1
DNMT3A	FMR1
DNMT3A	SRSF9
DNMT3A	PPIG
DNMT3A	MAP7
DNMT3A	NUMA1
DNMT3A	RCN1
DNMT3A	PCBP1
DNMT3A	SAFB
DNMT3A	MPP7
DNMT3A	LLGL2
DNMT3A	FBXO11
DNMT3A	HNRNPUL1
DNMT3A	DHCR7
DNMT3A	RTCB
DNMT3A	NDUFA4
DNMT3A	TPM3
DNMT3A	RPL12
DNMT3A	SFN
DNMT3A	CCT6A
DNMT3A	SLC25A1
DNMT3A	S100A10
DNMT3A	PPIA
DNMT3A	TPM4
DNMT3A	CAPRIN1
DNMT3A	G3BP2
DNMT3A	SF3B6
DNMT3A	MTCH2
DNMT3A	PHGDH
DNMT3A	RPLP1
DNMT3A	HSP90B1
DNMT3A	TCP1
DNMT3A	ARF4
DNMT3A	FLNA
DNMT3A	EEF1D
DNMT3A	FASN
DNMT3A	RPL23A
DNMT3A	YWHAZ
DNMT3A	DYNLL1
DNMT3A	ACTG1
DNMT3A	SRSF3
DNMT3A	SLC25A3
DNMT3A	CAP1
DNMT3A	DHX9
DNMT3A	HNRNPD
DNMT3A	MVP
DNMT3A	CCDC137
DNMT3A	ZSWIM9
DNMT3A	RP9
DNMT3A	RPL36AL
DNMT3A	AURKAIP1
DNMT3A	RPL36
DNMT3A	MYO1C
DNMT3A	MYO1B
DNMT3A	S100A8
DNMT3A	P4HB
DNMT3A	HSP90AA1
DNMT3A	MGP
DNMT3A	HSPD1
DNMT3A	ACTN1
DNMT3A	S100A11
DNMT3A	RPL34
DNMT3A	RPS14
DNMT3A	RPL38
DNMT3A	KPRP
DNMT3A	MYO18A
DNMT3A	LLPH
DNMT3A	EFHD1
DNMT3A	CHCHD3
DNMT3A	NOL12
DNMT3A	NOP56
DNMT3A	ZC3H11A
DNMT3A	CLPX
DNMT3A	H1-2
DNMT3A	MFAP1
DNMT3A	SNW1
DNMT3A	SPCS2
DNMT3A	TXNRD1
DNMT3A	HSD17B12
DNMT3A	NAT10
DNMT3A	SYBU
DNMT3A	SMARCA5
DNMT3A	STAU1
DNMT3A	S100A6
DNMT3A	PCNA
DNMT3A	XRCC6
DNMT3A	VDAC1
DNMT3A	TMOD1
DNMT3A	IDH2
DNMT3A	CCT3
DNMT3A	SPTAN1
DNMT3A	CHD4
DNMT3A	CHERP
DNMT3A	TUBA1C
DNMT3A	POLR1E
DNMT3A	IRF2BPL
DNMT3A	EHD1
DNMT3A	PPAN
DNMT3A	PLRG1
DNMT3A	OAT
DNMT3A	PTMA
DNMT3A	XRCC5
DNMT3A	TKT
DNMT3A	RPL9
DNMT3A	RPL13A
DNMT3A	MKI67
DNMT3A	IQGAP1
DNMT3A	FXR1
DNMT3A	EIF6
DNMT3A	GOLGA4
DNMT3A	ARL6IP4
DNMT3A	RSRC1
DNMT3A	PHB2
DNMT3A	SFXN1
DNMT3A	ACTN4
DNMT3A	ZBTB14
DNMT3A	ANXA2
DNMT3A	TXN
DNMT3A	CD59
DNMT3A	PON1
DNMT3A	YWHAQ
DNMT3A	RPS10
DNMT3A	CAPZB
DNMT3A	SNRPD2
DNMT3A	CCT2
DNMT3A	H3-3B
DNMT3A	H1-1
DNMT3A	AFG3L2
DNMT3A	LMNA
DNMT3A	ALDOA
DNMT3A	KRT1
DNMT3A	RPSA
DNMT3A	S100A7
DNMT3A	CAPZA1
DNMT3A	MYL6
DNMT3A	ACTB
DNMT3A	RPL26
DNMT3A	RPS7
DNMT3A	G3BP1
DNMT3A	IMMT
DNMT3A	EBNA1BP2
DNMT3A	MACROH2A1
DNMT3A	SF3B1
DNMT3A	ZMPSTE24
DNMT3A	MYO1D
DNMT3A	AIFM1
DNMT3A	JUP
DNMT3A	STT3A
DNMT3A	CENPF
DNMT3A	SEC61B
DNMT3A	RPS23
DNMT3A	DHCR24
DNMT3A	C1orf35
DNMT3A	NOP58
DNMT3A	LUC7L2
DNMT3A	NDUFA10
DNMT3A	ATP2A2
DNMT3A	CALR
DNMT3A	CANX
DNMT3A	MCM7
DNMT3A	TAGLN2
DNMT3A	SUB1
DNMT3A	CCAR2
DNMT3A	ABCF1
DNMT3A	UPF3B
DNMT3A	GPHN
DNMT3A	LRPPRC
DNMT3A	CALU
DNMT3A	CTNND1
DNMT3A	CSDE1
DNMT3A	CAPN1
DNMT3A	CTSB
DNMT3A	SLC2A1
DNMT3A	H2AX
DNMT3A	GARS1
DNMT3A	SRP9
DNMT3A	CCT4
DNMT3A	SNU13
DNMT3A	EIF4A1
DNMT3A	SEC61A1
DNMT3A	PPP1CB
DNMT3A	SNRPE
DNMT3A	CNBP
DNMT3A	GTF2I
DNMT3A	SLC25A11
DNMT3A	PPFIA1
DNMT3A	AIMP2
DNMT3A	SRSF6
DNMT3A	TRA2A
DNMT3A	ZMYM3
DNMT3A	ELOA
DNMT3A	LBR
DNMT3A	PPA1
DNMT3A	TUBB8
DNMT3A	ZC3H13
DNMT3A	SND1
DNMT3A	PLCD3
DNMT3A	SREK1
DNMT3A	HDAC2
DNMT3A	ZFR
DNMT3A	TUBB6
DNMT3A	UTP14A
DNMT3A	GNL3
DNMT3A	MRPL22
DNMT3A	RRP7A
DNMT3A	SUPT16H
DNMT3A	SQOR
DNMT3A	RPN2
DNMT3A	ACP1
DNMT3A	AIMP1
DNMT3A	PRPF38A
DNMT3A	RAB1B
DNMT3A	RPL26L1
DNMT3A	HNRNPA1
DNMT3A	VCAN
DNMT3A	PKM
DNMT3A	YWHAE
DNMT3A	ARF5
DNMT3A	DSG1
DNMT3A	DBN1
DNMT3A	MPRIP
DNMT3A	MRPL36
DNMT3A	NOL7
DNMT3A	LIMCH1
DNMT3A	GAPDH
DNMT3A	S100A9
DNMT3A	PFN1
DNMT3A	ELOF1
DNMT3A	DCD
DNMT3A	PRKCZ
DNMT3A	S100A16
DNMT3A	NCOA5
DNMT3A	ARGLU1
DNMT3A	HSP90AB1
DNMT3A	EEF2
DNMT3A	RPL22
DNMT3A	MYH10
DNMT3A	PRDX1
DNMT3A	ACTBL2
DNMT3A	LIMA1
DNMT3A	MYO6
DNMT3A	C11orf98
DNMT3A	ZNF593
DNMT3A	VIM
DNMT3A	DSP
DNMT3A	RPL35
DNMT3A	RPS25
DNMT3A	RPL11
DNMT3A	RPS17
DNMT3A	RPL27A
DNMT3A	RPL37A
DNMT3A	RPS18
DNMT3A	RPS29
DNMT3A	RPS15
DNMT3A	SMCHD1
DNMT3A	NACA
DNMT3A	SUPT5H
DNMT3A	LAD1
DNMT3A	HNRNPDL
DNMT3A	ZNF185
DNMT3A	EIF3D
DNMT3A	SIPA1L1
DNMT3A	SART1
DNMT3A	NUDT21
DNMT3A	SIPA1L3
DNMT3A	DPM1
DNMT3A	DKC1
DNMT3A	NSA2
DNMT3A	ANXA1
DNMT3A	LDHB
DNMT3A	LGALS1
DNMT3A	PARP1
DNMT3A	TOP2A
DNMT3A	DARS1
DNMT3A	TRIM21
DNMT3A	DNMT1
DNMT3A	PDIA3
DNMT3A	SDHA
DNMT3A	DNAJA1
DNMT3A	YWHAB
DNMT3A	PRSS3
DNMT3A	PHB1
DNMT3A	MYH9
DNMT3A	FUS
DNMT3A	DEK
DNMT3A	SRP14
DNMT3A	ETV6
DNMT3A	SSR1
DNMT3A	NOP2
DNMT3A	PCYT1A
DNMT3A	NUP153
DNMT3A	RAB13
DNMT3A	RARS1
DNMT3A	HADHB
DNMT3A	ATP5MF
DNMT3A	CDC42
DNMT3A	DSTN
DNMT3A	ACTR2
DNMT3A	RPL37
DNMT3A	PPP1CA
DNMT3A	TMSB4X
DNMT3A	RPS26
DNMT3A	FAU
DNMT3A	RPS27A
DNMT3A	CSNK2B
DNMT3A	SPTBN1
DNMT3A	NCBP1
DNMT3A	IK
DNMT3A	EIF3I
DNMT3A	SQSTM1
DNMT3A	BLTP2
DNMT3A	CLINT1
DNMT3A	SMC1A
DNMT3A	GOLGB1
DNMT3A	KPNB1
DNMT3A	KARS1
DNMT3A	PDIA6
DNMT3A	PCBP2
DNMT3A	TOMM20
DNMT3A	SF3A2
DNMT3A	ELAVL1
DNMT3A	PHLDA2
DNMT3A	RRP12
DNMT3A	HP1BP3
DNMT3A	SPOUT1
DNMT3A	ZC3HAV1
DNMT3A	MYH14
DNMT3A	ALYREF
DNMT3A	FTSJ3
DNMT3A	FAM98A
DNMT3A	THOC2
DNMT3A	SMARCC2
DNMT3A	NUP133
DNMT3A	SNRNP27
DNMT3A	H1-10
DNMT3A	HSPH1
DNMT3A	DPF2
DNMT3A	EFHD2
DNMT3A	SNRNP40
DNMT3A	DNAJA3
DNMT3A	B3GALT6
DNMT3A	NEK1
DNMT3A	PSMD1
DNMT3A	HNRNPAB
DNMT3A	SDF4
DNMT3A	RBM4
DNMT3A	MND1
DNMT3A	TEX12
DNMT3A	NIFK
DNMT3A	GTPBP4
DNMT3A	EPB41L5
DNMT3A	LUC7L
DNMT3A	DDX18
DNMT3A	TERF2IP
DNMT3A	RCC2
DNMT3A	ACIN1
DNMT3A	NWD2
DNMT3A	CEP131
DNMT3A	PA2G4
DNMT3A	VDAC3
DNMT3A	RRP15
DNMT3A	STRAP
DNMT3A	PKP3
DNMT3A	CRYBG1
DNMT3A	LRRFIP2
DNMT3A	AP1M2
HDAC2	SMCHD1
HDAC2	SUPT5H
HDAC2	PES1
HDAC2	MPHOSPH10
HDAC2	NOP56
HDAC2	KPNA4
HDAC2	U2SURP
HDAC2	ZBTB7B
HDAC2	WDR46
HDAC2	NKRF
HDAC2	EIF3D
HDAC2	DHX15
HDAC2	PHGDH
HDAC2	SART1
HDAC2	HNRNPR
HDAC2	SMARCA5
HDAC2	KDM1A
HDAC2	SYNCRIP
HDAC2	CTNND1
HDAC2	DPM1
HDAC2	DKC1
HDAC2	DNAJA2
HDAC2	HIP1R
HDAC2	SIN3B
HDAC2	ZNF217
HDAC2	MACROH2A1
HDAC2	PRPF40A
HDAC2	SAP30
HDAC2	SF3B1
HDAC2	SNRNP200
HDAC2	SURF6
HDAC2	BCAS2
HDAC2	ATP5PD
HDAC2	RSL1D1
HDAC2	MTA2
HDAC2	PHF14
HDAC2	PRPF6
HDAC2	LUC7L3
HDAC2	NDUFA10
HDAC2	WIZ
HDAC2	STAU1
HDAC2	AIFM1
HDAC2	MBD3
HDAC2	EGFR
HDAC2	TP53
HDAC2	HSPB1
HDAC2	RPN1
HDAC2	ATP1A1
HDAC2	SLC25A5
HDAC2	RPLP1
HDAC2	RPLP2
HDAC2	ATP5F1B
HDAC2	S100A9
HDAC2	H1-0
HDAC2	TUBB
HDAC2	EPRS1
HDAC2	HSP90AB1
HDAC2	SNRNP70
HDAC2	CNP
HDAC2	HSPD1
HDAC2	HSPA5
HDAC2	HSPA8
HDAC2	SLC2A1
HDAC2	ACADM
HDAC2	TOP1
HDAC2	TOP2A
HDAC2	PABPC1
HDAC2	SLC25A6
HDAC2	XRCC6
HDAC2	XRCC5
HDAC2	EEF2
HDAC2	PKM
HDAC2	DARS1
HDAC2	RPS2
HDAC2	ATP2A2
HDAC2	YBX3
HDAC2	DDX5
HDAC2	TCP1
HDAC2	RPL35A
HDAC2	RPL7
HDAC2	SON
HDAC2	RPL17
HDAC2	NCL
HDAC2	EIF2AK2
HDAC2	EIF2S2
HDAC2	LMNB1
HDAC2	FLNA
HDAC2	FBL
HDAC2	UQCRC2
HDAC2	SFPQ
HDAC2	RPS3
HDAC2	CFL1
HDAC2	ATP5PB
HDAC2	RPS12
HDAC2	DNMT1
HDAC2	RPL13
HDAC2	PTBP1
HDAC2	EEF1G
HDAC2	RPL10
HDAC2	ABCD3
HDAC2	TMOD1
HDAC2	ARID4A
HDAC2	TYK2
HDAC2	RPL12
HDAC2	SDHA
HDAC2	DNAJA1
HDAC2	RPL9
HDAC2	MCM7
HDAC2	CTNNB1
HDAC2	RPL22
HDAC2	FUS
HDAC2	ATP5F1C
HDAC2	RPL4
HDAC2	SRP14
HDAC2	HSPA9
HDAC2	RPL3
HDAC2	DDOST
HDAC2	CUX1
HDAC2	CCT6A
HDAC2	RPL13A
HDAC2	HADHA
HDAC2	RBM34
HDAC2	LRPPRC
HDAC2	MATR3
HDAC2	VDAC2
HDAC2	CBX5
HDAC2	MKI67
HDAC2	NOP2
HDAC2	ATRX
HDAC2	RPL5
HDAC2	RPL21
HDAC2	RPL28
HDAC2	RPS9
HDAC2	IQGAP1
HDAC2	ATP5PO
HDAC2	CCT5
HDAC2	RPL34
HDAC2	FASN
HDAC2	CCT3
HDAC2	TUFM
HDAC2	SRP9
HDAC2	NUP153
HDAC2	EMD
HDAC2	CPT1A
HDAC2	RPL14
HDAC2	CCT8
HDAC2	CCT4
HDAC2	FXR1
HDAC2	FXR2
HDAC2	DAP3
HDAC2	SMARCA2
HDAC2	SMARCA4
HDAC2	SSR4
HDAC2	HNRNPA3
HDAC2	HNRNPM
HDAC2	KPNA2
HDAC2	HNRNPF
HDAC2	SLC25A1
HDAC2	COPA
HDAC2	ADAR
HDAC2	LAMB2
HDAC2	SNU13
HDAC2	HNRNPH2
HDAC2	EIF3B
HDAC2	RRP1
HDAC2	EIF6
HDAC2	CTBP2
HDAC2	SEC61B
HDAC2	RPS20
HDAC2	S100A10
HDAC2	CDC42
HDAC2	RPS3A
HDAC2	RPL15
HDAC2	RPL27
HDAC2	WDR5
HDAC2	HNRNPK
HDAC2	RPS7
HDAC2	PPP1CB
HDAC2	RPS15A
HDAC2	RPS16
HDAC2	SNRPD2
HDAC2	SNRPD3
HDAC2	RPS4X
HDAC2	RPL23A
HDAC2	RPS6
HDAC2	RAN
HDAC2	RPL23
HDAC2	RPS28
HDAC2	RPL30
HDAC2	RPL10A
HDAC2	RPL8
HDAC2	UBA52
HDAC2	DYNLL1
HDAC2	RPL38
HDAC2	RACK1
HDAC2	TUBB4B
HDAC2	NOP14
HDAC2	CCT2
HDAC2	RAE1
HDAC2	MRPS22
HDAC2	MRPS35
HDAC2	MRPS34
HDAC2	MRPS9
HDAC2	RPL19
HDAC2	SLC25A3
HDAC2	HNRNPU
HDAC2	RPL18A
HDAC2	RPL6
HDAC2	CEBPZ
HDAC2	SRSF11
HDAC2	RING1
HDAC2	FMR1
HDAC2	PRDX1
HDAC2	RPL18
HDAC2	CKAP4
HDAC2	SRSF1
HDAC2	RBBP4
HDAC2	TBL3
HDAC2	GTF3C1
HDAC2	ASPH
HDAC2	CHD3
HDAC2	ILF2
HDAC2	ILF3
HDAC2	IK
HDAC2	HNRNPA0
HDAC2	AIMP2
HDAC2	CBX3
HDAC2	DDX10
HDAC2	SRSF9
HDAC2	SRSF6
HDAC2	TRIM28
HDAC2	G3BP1
HDAC2	PABPC4
HDAC2	MTA1
HDAC2	EIF3I
HDAC2	SF3B2
HDAC2	SQSTM1
HDAC2	PRPF4B
HDAC2	HDAC1
HDAC2	SNW1
HDAC2	GNL2
HDAC2	TRIM29
HDAC2	ZMYM3
HDAC2	RCN2
HDAC2	CAPRIN1
HDAC2	MDC1
HDAC2	RRP1B
HDAC2	GSE1
HDAC2	PDCD11
HDAC2	BMS1
HDAC2	LBR
HDAC2	CHD4
HDAC2	ARID5B
HDAC2	ZNF638
HDAC2	NUMA1
HDAC2	SPCS2
HDAC2	EFTUD2
HDAC2	RRS1
HDAC2	WDR43
HDAC2	NONO
HDAC2	DHCR24
HDAC2	SF3B3
HDAC2	PUM3
HDAC2	SAFB
HDAC2	ELAVL1
HDAC2	RBBP7
HDAC2	CPSF6
HDAC2	IMMT
HDAC2	ZNF827
HDAC2	HNRNPUL2
HDAC2	ZNF800
HDAC2	TIMM50
HDAC2	ARID4B
HDAC2	PHLDA2
HDAC2	RRP12
HDAC2	BRMS1L
HDAC2	DNTTIP2
HDAC2	HP1BP3
HDAC2	ATAD3B
HDAC2	PRPF8
HDAC2	C16orf87
HDAC2	MIDEAS
HDAC2	WDR74
HDAC2	ZC3HAV1
HDAC2	PBRM1
HDAC2	MTDH
HDAC2	CASZ1
HDAC2	LUZP1
HDAC2	ALYREF
HDAC2	GATAD2A
HDAC2	WDR75
HDAC2	MGA
HDAC2	PHF6
HDAC2	SUGP2
HDAC2	FTSJ3
HDAC2	SRRM1
HDAC2	RCOR2
HDAC2	MIER1
HDAC2	ZNF687
HDAC2	MIER2
HDAC2	ZGPAT
HDAC2	KRI1
HDAC2	CCDC71L
HDAC2	SERBP1
HDAC2	ABCF1
HDAC2	CMAS
HDAC2	WDR36
HDAC2	BAHD1
HDAC2	BRIX1
HDAC2	UTP15
HDAC2	ZNF296
HDAC2	GATAD1
HDAC2	PHIP
HDAC2	GATAD2B
HDAC2	DDX1
HDAC2	H1-10
HDAC2	ZNF516
HDAC2	MRPS31
HDAC2	RREB1
HDAC2	HDAC2
HDAC2	DDX17
HDAC2	UPF1
HDAC2	L3MBTL2
HDAC2	PHF21A
HDAC2	FAF2
HDAC2	AP2M1
HDAC2	SNRNP40
HDAC2	S100A16
HDAC2	IMP4
HDAC2	DDX27
HDAC2	ZFP91
HDAC2	ZNF512B
HDAC2	EHMT2
HDAC2	ZFR
HDAC2	PWWP2A
HDAC2	PURB
HDAC2	PHF12
HDAC2	H2AC1
HDAC2	SIN3A
HDAC2	RBM15
HDAC2	CDC5L
HDAC2	PHB2
HDAC2	CCT7
HDAC2	EBNA1BP2
HDAC2	DDX50
HDAC2	TUBA1C
HDAC2	MYBBP1A
HDAC2	BUD13
HDAC2	C7orf50
HDAC2	LLPH
HDAC2	MTA3
HDAC2	HNRNPUL1
HDAC2	GNL3
HDAC2	NIFK
HDAC2	MRPS26
HDAC2	GTPBP4
HDAC2	TNKS1BP1
HDAC2	BCL11B
HDAC2	DDX24
HDAC2	POLR1E
HDAC2	SLIRP
HDAC2	NAT10
HDAC2	XRN2
HDAC2	SAP130
HDAC2	MAGT1
HDAC2	DNTTIP1
HDAC2	BCL11A
HDAC2	ADNP
HDAC2	PNN
HDAC2	NOL6
HDAC2	RPF2
HDAC2	SUDS3
HDAC2	EHMT1
HDAC2	SAP30L
HDAC2	MYG1
HDAC2	BRMS1
HDAC2	S100A14
HDAC2	HMG20A
HDAC2	NOP10
HDAC2	PPAN
HDAC2	UTP3
HDAC2	DDX21
HDAC2	LANCL2
HDAC2	PDS5B
HDAC2	ATAD3A
HDAC2	DDX18
HDAC2	RBM28
HDAC2	MRPL22
HDAC2	LYAR
HDAC2	DDX56
HDAC2	TECR
HDAC2	VAPA
HDAC2	MACROH2A2
HDAC2	HMG20B
HDAC2	NHSL3
HDAC2	RCC2
HDAC2	RRBP1
HDAC2	RCOR3
HDAC2	RERE
HDAC2	ZNF219
HDAC2	MBD2
HDAC2	DHCR7
HDAC2	MORF4L1
HDAC2	ZMYM2
HDAC2	TCF20
HDAC2	RSL24D1
HDAC2	TRPS1
HDAC2	BAZ1B
HDAC2	DDX41
HDAC2	ING1
HDAC2	RCOR1
HDAC2	CASP8AP2
HDAC2	RALY
HDAC2	ZMYND8
HDAC2	PRPF19
HDAC2	G3BP2
HDAC2	RPL26L1
HDAC2	WDR3
HDAC2	RTRAF
HDAC2	CDYL
HDAC2	HIGD1A
HDAC2	RUVBL1
HDAC2	PADI2
HDAC2	MRPS28
HDAC2	MRPS7
HDAC2	NOP58
HDAC2	RBMX2
HDAC2	UTP11
HDAC2	MRPL11
HDAC2	RRP15
HDAC2	NOP16
HDAC2	MRPS23
HDAC2	RTCB
HDAC2	RPL36
HDAC2	PKP3
HDAC2	CRYBG1
HDAC2	TBL2
HDAC2	AFG3L2
HDAC2	SUPT16H
HDAC2	UTP18
HDAC2	RBM8A
HDAC2	MRPS18B
HDAC2	SQOR
HDAC2	AP1M2
HDAC2	DDX3X
HDAC2	CDK2AP1
HDAC2	JUP
HDAC2	HNRNPA2B1
HDAC2	ATP5F1A
HDAC2	HNRNPH1
HDAC2	RPS5
HDAC2	RPS10
HDAC2	RPL29
HDAC2	RPS8
HDAC2	RPL7A
HDAC2	H1-1
HDAC2	DYNC1H1
HDAC2	PDIA6
HDAC2	DDX46
HDAC2	DYNLL2
HDAC2	ZNF644
HDAC2	NOP53
HDAC2	ABCF2
HDAC2	TPX2
HDAC2	ZC3H4
HDAC2	RUVBL2
HDAC2	SAP18
HDAC2	RRP9
HDAC2	ZMPSTE24
HDAC2	MSH6
HDAC2	RARS1
HDAC2	MFAP1
HDAC2	PFKP
HDAC2	CDC20
HDAC2	TARDBP
HDAC2	SRSF5
HDAC2	KRR1
HDAC2	RCN1
HDAC2	PCBP1
HDAC2	HSD17B12
HDAC2	THEM6
HDAC2	MRPS27
HDAC2	PTCD3
HDAC2	SDF4
HDAC2	RBM4
HDAC2	POLDIP3
HDAC2	PCGF6
HDAC2	REXO4
HDAC2	SINHCAF
HDAC2	PUF60
HDAC2	SLC25A13
HDAC2	PHF20L1
HDAC2	SPTBN2
HDAC2	RRP8
HDAC2	PFDN1
HDAC2	EIF3G
HDAC2	NSA2
HDAC2	BAG2
HDAC2	RPN2
HDAC2	H1-3
HDAC2	CANX
HDAC2	RARRES1
HDAC2	RHOA
HDAC2	MRPS5
HDAC2	MRPS15
HDAC2	PURA
HDAC2	EXOSC10
HDAC2	TAP2
HDAC2	PWP1
HDAC2	EBP
HDAC2	PWP2
HDAC2	SF3A2
HDAC2	RAI1
HDAC2	DDX54
HDAC2	ZNF592
HDAC2	PRMT1
HDAC2	UTP14A
HDAC2	MRPL4
HDAC2	GAR1
HDAC2	NOL7
HDAC2	DDX52
HDAC2	NIPSNAP2
HDAC2	GAPDH
HDAC2	ENO1
HDAC2	TXN
HDAC2	TRA2B
HDAC2	YWHAZ
HDAC2	SPTAN1
HDAC2	CPSF7
HDAC2	SNIP1
HDAC2	KIFC1
HDAC2	SCAF1
HDAC2	LUC7L
HDAC2	SF3B6
HDAC2	KRT1
HDAC2	S100A8
HDAC2	H1-5
HDAC2	RBMX
HDAC2	SNRPD1
HDAC2	ACTG1
HDAC2	YBX1
HDAC2	ERH
HDAC2	CLTC
HDAC2	KHDRBS1
HDAC2	MPRIP
HDAC2	C1orf35
HDAC2	BCLAF1
HDAC2	NOL12
HDAC2	SRRM2
HDAC2	THRAP3
HDAC2	COPE
HDAC2	NDUFS6
HDAC2	HEXIM1
HDAC2	ALDOA
HDAC2	TACSTD2
HDAC2	PARP1
HDAC2	PAICS
HDAC2	YWHAQ
HDAC2	GRN
HDAC2	POLR2B
HDAC2	QARS1
HDAC2	CTCF
HDAC2	ABCE1
HDAC2	CNBP
HDAC2	TFAM
HDAC2	EWSR1
HDAC2	TRIM26
HDAC2	SMC1A
HDAC2	RSBN1
HDAC2	RPL7L1
HDAC2	LARP1
HDAC2	TMEM205
HDAC2	POGZ
HDAC2	BEND7
HDAC2	NGDN
HDAC2	TAF15
HDAC2	ARHGEF2
HDAC2	RPL36AL
HDAC2	UTP4
HDAC2	NDUFA13
HDAC2	SMC3
HDAC2	KIF2A
HDAC2	KPNA3
HDAC2	MRPS12
HDAC2	NVL
HDAC2	PLRG1
HDAC2	CSDE1
HDAC2	NDUFB4
HDAC2	KAT7
HDAC2	SRPRA
HDAC2	MRPL3
HDAC2	PTPRF
HDAC2	CYBA
HDAC2	CEBPB
HDAC2	CTPS1
HDAC2	PFKL
HDAC2	ACP1
HDAC2	EEF1D
HDAC2	PDIA3
HDAC2	KPNA1
HDAC2	DSTN
HDAC2	SEC61A1
HDAC2	MRPS6
HDAC2	RHOG
HDAC2	SMARCB1
HDAC2	GRSF1
HDAC2	AIMP1
HDAC2	MAP7
HDAC2	TRIP12
HDAC2	PTPRK
HDAC2	DDB1
HDAC2	EXOSC6
HDAC2	BEND3
HDAC2	MRPL14
HDAC2	CHERP
HDAC2	NKAP
HDAC2	CCDC47
HDAC2	LRRC59
HDAC2	MRPS24
HDAC2	AURKB
HDAC2	WDR77
HDAC2	NOL10
HDAC2	NTPCR
HDAC2	DDX23
HDAC2	SF3B5
HDAC2	SENP3
HDAC2	CCDC86
HDAC2	RAB18
HDAC2	GNL3L
HDAC2	AATF
HDAC2	SLC25A10
HDAC2	ZNF148
HDAC2	MRPS17
HDAC2	RRP7A
HDAC2	PPIL1
HDAC2	CD59
HDAC2	ANXA2
HDAC2	CAPN1
HDAC2	CD44
HDAC2	H1-2
HDAC2	DEK
HDAC2	CAPZA2
HDAC2	RPL37
HDAC2	RPS23
HDAC2	RPL11
HDAC2	PPIA
HDAC2	SRSF3
HDAC2	H3-3B
HDAC2	SF3B4
HDAC2	SF3A1
HDAC2	SPOUT1
HDAC2	SNRNP27
HDAC2	LMNA
HDAC2	NPM1
HDAC2	POLR2A
HDAC2	PHB1
HDAC2	EIF4A1
HDAC2	RPL26
HDAC2	RPL31
HDAC2	PRKDC
HDAC2	DSG1
HDAC2	KPRP
HDAC2	EPB41L5
HDAC2	AURKAIP1
HDAC2	CALML5
HDAC2	MRPL36
HDAC2	MTCH2
HDAC2	PRPF3
HDAC2	E2F6
HDAC2	PSIP1
HDAC2	ACSL3
HDAC2	VDAC1
HDAC2	IDH2
HDAC2	YWHAE
HDAC2	GTF2I
HDAC2	SLC25A11
HDAC2	DSC1
HDAC2	INF2
HDAC2	CCDC137
HDAC2	MIER3
HDAC2	CCDC71
HDAC2	DDX51
HDAC2	NOC3L
HDAC2	BBX
HDAC2	DCAF13
HDAC2	IMP3
HDAC2	TMCO1
HDAC2	DDX39A
HDAC2	CCN1
HDAC2	TCERG1
HDAC2	HNRNPDL
HDAC2	SPTLC1
HDAC2	BUB3
HDAC2	AKAP8
HDAC2	DHX16
HDAC2	CDC40
HDAC2	KIN
HDAC2	DNAJB6
HDAC2	SEC22B
HDAC2	NUP155
HDAC2	SUN1
HDAC2	UBR5
HDAC2	KIF20A
HDAC2	ZBTB7A
HDAC2	AP2A1
HDAC2	ACTL6A
HDAC2	A2M
HDAC2	PFN1
HDAC2	CYC1
HDAC2	HLA-C
HDAC2	PDHB
HDAC2	TKT
HDAC2	PRDX2
HDAC2	MCM5
HDAC2	RFC4
HDAC2	RFC1
HDAC2	RFC3
HDAC2	IARS1
HDAC2	PRKCI
HDAC2	SSR1
HDAC2	STT3A
HDAC2	SUB1
HDAC2	TMEM33
HDAC2	PSMC6
HDAC2	CSNK2B
HDAC2	MRPS21
HDAC2	AKAP17A
HDAC2	EIF4G1
HDAC2	SRSF4
HDAC2	NSUN2
HDAC2	NCBP1
HDAC2	TCOF1
HDAC2	BYSL
HDAC2	ELOA
HDAC2	USP10
HDAC2	GANAB
HDAC2	KNOP1
HDAC2	SMU1
HDAC2	TUBB8
HDAC2	ZNF326
HDAC2	NOL9
HDAC2	ARL6IP4
HDAC2	CDC73
HDAC2	CTR9
HDAC2	FIP1L1
HDAC2	SND1
HDAC2	DHX30
HDAC2	TRMT1L
HDAC2	PNPLA6
HDAC2	LRRC47
HDAC2	ASCC3
HDAC2	MACO1
HDAC2	ZBTB2
HDAC2	FAM98A
HDAC2	LSM14A
HDAC2	MCU
HDAC2	KIF18A
HDAC2	NUP133
HDAC2	SLC39A7
HDAC2	GCDH
HDAC2	NSUN4
HDAC2	RSF1
HDAC2	NOC4L
HDAC2	ACTRT3
HDAC2	UPF3B
HDAC2	CRNKL1
HDAC2	WDR12
HDAC2	RPF1
HDAC2	PREB
HDAC2	RBM22
HDAC2	PAK1IP1
HDAC2	CHCHD3
HDAC2	PFDN2
HDAC2	MAGED2
HDAC2	ASF1A
HDAC2	RCL1
HDAC2	MRPS2
HDAC2	JRKL
HDAC2	RBM19
HDAC2	UQCRQ
HDAC2	ARPC1B
HDAC2	NUDT21
HDAC2	SFN
HDAC2	MARS1
HDAC2	ACTB
HDAC2	RAB10
HDAC2	PPP1CA
HDAC2	SRSF2
HDAC2	TRA2A
HDAC2	PCBP2
HDAC2	HACD2
HDAC2	LMO7
HDAC2	SLTM
HDAC2	MYO5B
HDAC2	FCF1
HDAC2	MRPS14
HDAC2	PCMT1
HDAC2	U2AF2
HDAC2	KRT9
HDAC2	RPL27A
HDAC2	EPPK1
HDAC2	RPS13
HDAC2	RPS11
HDAC2	RPL24
HDAC2	ZNF546
HDAC2	RBM14
HDAC2	PPP1R12A
HDAC2	HNRNPC
HDAC2	EIF4A3
HDAC2	RPS14
HDAC2	LOC102724594
HDAC2	SPTBN1
HDAC2	RBM39
HDAC2	SRSF7
HDAC2	PGAM5
HDAC2	PPP1R9B
HDAC2	ZCCHC17
HDAC2	ARGLU1
HDAC2	ZNF185
HDAC2	TPM3
HDAC2	MGP
HDAC2	H1-4
HDAC2	CAD
HDAC2	RPS19
HDAC2	FAU
HDAC2	RPL32
HDAC2	PLEC
HDAC2	LUC7L2
HDAC2	CHTOP
HDAC2	C11orf98
HDAC2	ZNF593
HDAC2	MYO1B
HDAC2	MYO1D
HDAC2	HNRNPL
HDAC2	MYL6
HDAC2	RPL37A
HDAC2	RPS15
HDAC2	RPS24
HDAC2	RPS25
HDAC2	FLII
HDAC2	MYO1C
HDAC2	ACTN4
HDAC2	KRT18
HDAC2	RPS17
HDAC2	ACTN1
HDAC2	CAPZB
HDAC2	CAPZA1
HDAC2	RPS29
HDAC2	H4C9
HDAC2	DHX9
HDAC2	DBN1
HDAC2	MYO18A
HDAC2	ARGFX
HDAC2	POLRMT
HDAC2	NDUFA4
HDAC2	LAD1
HDAC2	TRIM38
HDAC2	SCD
HDAC2	AP3D1
HDAC2	CHD1
HDAC2	PRMT5
HDAC2	GIPC1
HDAC2	ARPC3
HDAC2	GNPAT
HDAC2	TNRC18
HDAC2	EEF1E1
HDAC2	CHMP2A
HDAC2	CALU
HDAC2	NDUFS5
HDAC2	SIPA1L3
HDAC2	EDF1
HDAC2	ZC3H11A
HDAC2	NDUFS2
HDAC2	ATP6V1G1
HDAC2	SRSF10
HDAC2	NPM3
HDAC2	ATP5MG
HDAC2	ZFPL1
HDAC2	FARS2
HDAC2	SVIL
HDAC2	SGPL1
HDAC2	RAB3D
HDAC2	SYF2
HDAC2	NSD2
HDAC2	CYB5R3
HDAC2	COX2
HDAC2	HP
HDAC2	ASS1
HDAC2	FTH1
HDAC2	ANXA1
HDAC2	KRT6B
HDAC2	HLA-A
HDAC2	ATP1B1
HDAC2	EIF2S1
HDAC2	HMGN2
HDAC2	HSP90AA1
HDAC2	YES1
HDAC2	ANXA6
HDAC2	GNAI3
HDAC2	SNRPA
HDAC2	SNRPC
HDAC2	HMGB1
HDAC2	TPM1
HDAC2	POLA1
HDAC2	C4B
HDAC2	DBT
HDAC2	LAMP1
HDAC2	PCNA
HDAC2	SLC25A4
HDAC2	BCKDHA
HDAC2	COX4I1
HDAC2	HSP90B1
HDAC2	EZR
HDAC2	DSP
HDAC2	GNB3
HDAC2	HMGA1
HDAC2	PSMC3
HDAC2	TRIM21
HDAC2	COMT
HDAC2	DDX6
HDAC2	PSMA5
HDAC2	KDM5A
HDAC2	CD40LG
HDAC2	YWHAB
HDAC2	CDA
HDAC2	PRSS3
HDAC2	MYH9
HDAC2	MYH10
HDAC2	ARL1
HDAC2	EIF2S3
HDAC2	ETV6
HDAC2	TMPO
HDAC2	RPS27
HDAC2	RPL35
HDAC2	SLC1A3
HDAC2	MARCKSL1
HDAC2	CENPA
HDAC2	NUMB
HDAC2	RANBP2
HDAC2	HSD17B4
HDAC2	ZNF157
HDAC2	PSMD4
HDAC2	VCP
HDAC2	ATP5MF
HDAC2	H2BC5
HDAC2	SEC61G
HDAC2	RAB14
HDAC2	RPS18
HDAC2	SNRPF
HDAC2	RPS26
HDAC2	GNB1
HDAC2	GNB2
HDAC2	RPL39
HDAC2	RPS27A
HDAC2	RAC1
HDAC2	SEC11A
HDAC2	TPM4
HDAC2	MRPS11
HDAC2	RPL36A
HDAC2	ARF5
HDAC2	RBM10
HDAC2	CDC42EP1
HDAC2	SP3
HDAC2	TOP2B
HDAC2	DST
HDAC2	KMT2A
HDAC2	ERCC6
HDAC2	TAP1
HDAC2	SSBP1
HDAC2	C1QBP
HDAC2	GOLGA2
HDAC2	SSRP1
HDAC2	CPSF1
HDAC2	SF3A3
HDAC2	DUSP4
HDAC2	PLD1
HDAC2	MRPL49
HDAC2	PPIG
HDAC2	PIN1
HDAC2	CAMK2G
HDAC2	RUNX3
HDAC2	TUBB2A
HDAC2	CUX1
HDAC2	CDK13
HDAC2	HNRNPD
HDAC2	TFDP1
HDAC2	FHL2
HDAC2	CTTN
HDAC2	FXYD3
HDAC2	NOLC1
HDAC2	ACAP1
HDAC2	PCM1
HDAC2	RNPS1
HDAC2	ELOC
HDAC2	NHERF2
HDAC2	SF1
HDAC2	NDUFA5
HDAC2	CDCA8
HDAC2	ACTBL2
HDAC2	SPECC1L
HDAC2	PWWP2B
HDAC2	CAVIN1
HDAC2	SBSN
HDAC2	RPS27L
HDAC2	LPCAT2
HDAC2	PHF5A
HDAC2	MYH14
HDAC2	KTN1
HDAC2	ABCA13
HDAC2	ZC3H18
HDAC2	RPS19BP1
HDAC2	FAM219A
HDAC2	SELENOH
HDAC2	CCAR2
HDAC2	SREK1IP1
HDAC2	PRPF38A
HDAC2	THOC2
HDAC2	RP9
HDAC2	STT3B
HDAC2	DLG5
HDAC2	TFB1M
HDAC2	CCT6B
HDAC2	SMARCD2
HDAC2	EFHD2
HDAC2	RRP36
HDAC2	DNAJA3
HDAC2	RNPC3
HDAC2	YTHDC1
HDAC2	DOCK7
HDAC2	FAM111A
HDAC2	FYTTD1
HDAC2	YME1L1
HDAC2	SCAF11
HDAC2	H2BC15
HDAC2	RBM4B
HDAC2	TCF25
HDAC2	MRPL57
HDAC2	CORO1B
HDAC2	OVOL2
HDAC2	EFHD1
HDAC2	CARD10
HDAC2	TAPBPL
HDAC2	SRRT
HDAC2	MAK16
HDAC2	RACGAP1
HDAC2	DDX47
HDAC2	RAB1B
HDAC2	TSPYL1
HDAC2	PARL
HDAC2	CHMP4B
HDAC2	OSBPL3
HDAC2	HEATR1
HDAC2	RIOX1
HDAC2	C8orf33
HDAC2	PHAX
HDAC2	NCOA5
HDAC2	MOV10
HDAC2	MRPL47
HDAC2	SARS2
HDAC2	BRD7
HDAC2	MBNL1
HDAC2	OSTC
HDAC2	UTP6
HDAC2	TMOD3
HDAC2	CISD1
HDAC2	MTCH1
HDAC2	MYOF
HDAC2	USP36
HDAC2	CGN
HDAC2	NXF1
HDAC2	DAXX
HDAC2	SEC63
HDAC2	LIMA1
HDAC2	STOML2
HDAC2	IKZF2
HDAC2	ACIN1
HDAC2	ZNF346
HDAC2	AKAP8L
HDAC2	MYO6
HDAC2	MACF1
HDAC2	CEP131
HDAC2	LIMCH1
HDAC2	NIP7
HDAC2	FARSA
HDAC2	SSX2IP
HDAC2	KDM2A
HDAC2	WBP11
HDAC2	MRPS16
HDAC2	MRPS18C
HDAC2	STRAP
HDAC2	NOC2L
HDAC2	SRPRB
HDAC2	LRRFIP2
KDM6A	MYO1C
KDM6A	DDX3X
KDM6A	KMT2D
KDM6A	GIPC1
KDM6A	PPP1R12A
KDM6A	U2SURP
KDM6A	ZNF185
KDM6A	KDM6A
KDM6A	ACTN4
KDM6A	MYO1B
KDM6A	MRPS14
KDM6A	FLNB
KDM6A	PRPF40A
KDM6A	SRSF10
KDM6A	SF3B1
KDM6A	MYO1D
KDM6A	LUC7L3
KDM6A	SVIL
KDM6A	LDHA
KDM6A	EGFR
KDM6A	SLC25A5
KDM6A	TPM3
KDM6A	H1-0
KDM6A	TPM1
KDM6A	CLTA
KDM6A	H1-4
KDM6A	HSPA5
KDM6A	HSPA8
KDM6A	SLC25A6
KDM6A	ACTN1
KDM6A	CD59
KDM6A	CD44
KDM6A	H1-5
KDM6A	DDX5
KDM6A	RPL35A
KDM6A	RPL17
KDM6A	NCL
KDM6A	PCMT1
KDM6A	FBL
KDM6A	RPS3
KDM6A	CFL1
KDM6A	RPS12
KDM6A	ATP5F1A
KDM6A	U2AF2
KDM6A	RPL13
KDM6A	RPL10
KDM6A	TMOD1
KDM6A	GRN
KDM6A	RPL12
KDM6A	MYH10
KDM6A	ATP5F1C
KDM6A	RPL4
KDM6A	HSPA9
KDM6A	RPS19
KDM6A	RPL3
KDM6A	RPS27
KDM6A	RPL5
KDM6A	RPL28
KDM6A	RPS9
KDM6A	RPS5
KDM6A	RPS10
KDM6A	IQGAP1
KDM6A	CAPZB
KDM6A	TUFM
KDM6A	RARRES1
KDM6A	RPL14
KDM6A	HNRNPF
KDM6A	CAPZA1
KDM6A	MYL6
KDM6A	ACTB
KDM6A	RPS20
KDM6A	RPS8
KDM6A	RPS16
KDM6A	RPS13
KDM6A	RPS11
KDM6A	RPL7A
KDM6A	RPS4X
KDM6A	RPS6
KDM6A	RPL23
KDM6A	RPS24
KDM6A	RPS28
KDM6A	RPL10A
KDM6A	RPL32
KDM6A	RPL8
KDM6A	RPL38
KDM6A	ACTG1
KDM6A	YBX1
KDM6A	TPM4
KDM6A	RPL24
KDM6A	ERH
KDM6A	RPL19
KDM6A	SRSF3
KDM6A	CLTC
KDM6A	HNRNPU
KDM6A	LOC102724594
KDM6A	SPTBN1
KDM6A	RPL18A
KDM6A	RPL6
KDM6A	SRSF11
KDM6A	RPL18
KDM6A	KHDRBS1
KDM6A	SRSF1
KDM6A	FLII
KDM6A	SPTAN1
KDM6A	RBM39
KDM6A	WTAP
KDM6A	PLEC
KDM6A	SF3B3
KDM6A	SRSF7
KDM6A	CPSF6
KDM6A	DBN1
KDM6A	HNRNPUL2
KDM6A	SPECC1L
KDM6A	MPRIP
KDM6A	DDX46
KDM6A	MYH14
KDM6A	LUZP1
KDM6A	CCAR1
KDM6A	NKAP
KDM6A	KMT2C
KDM6A	RP9
KDM6A	SNRNP27
KDM6A	LMO7
KDM6A	MYO18A
KDM6A	DDX17
KDM6A	RSRC1
KDM6A	PPP1R9B
KDM6A	EBNA1BP2
KDM6A	EFHD1
KDM6A	CARD10
KDM6A	S100A14
KDM6A	ZCCHC17
KDM6A	LUC7L
KDM6A	LANCL2
KDM6A	BCLAF1
KDM6A	TMOD3
KDM6A	TECR
KDM6A	MRPL36
KDM6A	CGN
KDM6A	WARS2
KDM6A	LIMA1
KDM6A	PUF60
KDM6A	DDX41
KDM6A	MYO5B
KDM6A	MYO6
KDM6A	LIMCH1
KDM6A	SRRM2
KDM6A	LUC7L2
KDM6A	NOP16
KDM6A	CRYBG1
KDM6A	LRRFIP2
KDM6A	NPM1
KDM6A	HNRNPC
KDM6A	MGP
KDM6A	ATP5PO
KDM6A	HNRNPM
KDM6A	RPL15
KDM6A	RPS15A
KDM6A	RPL23A
KDM6A	RAN
KDM6A	RPL31
KDM6A	TRA2B
KDM6A	TUBB4B
KDM6A	RPL36A
KDM6A	PRPF4B
KDM6A	SREK1IP1
KDM6A	FCF1
KDM6A	RPL36
KDM6A	DHX15
KDM6A	SIPA1L3
KDM6A	DEK
KDM6A	CAPZA2
KDM6A	MFAP1
KDM6A	SF3B2
KDM6A	MYO5C
KDM6A	DDX21
KDM6A	THRAP3
KDM6A	RPLP2
KDM6A	MYL6B
KDM6A	SUB1
KDM6A	ARL6IP4
KDM6A	DPY30
KDM6A	MYO5A
KDM6A	NDUFA4
KDM6A	SNRNP70
KDM6A	CLTB
KDM6A	SFPQ
KDM6A	TKT
KDM6A	RPL13A
KDM6A	H1-1
KDM6A	SREK1
KDM6A	PPAN
KDM6A	ARGLU1
KDM6A	RRP7A
KDM6A	RPLP1
KDM6A	ATP5F1B
KDM6A	ENO1
KDM6A	HNRNPA1
KDM6A	PTBP1
KDM6A	RBMX
KDM6A	RPL21
KDM6A	EMD
KDM6A	RPS3A
KDM6A	RPL27
KDM6A	SNRPD3
KDM6A	RPL30
KDM6A	PPIA
KDM6A	SLC25A3
KDM6A	S100A16
KDM6A	AURKAIP1
KDM6A	KRT1
KDM6A	RPS2
KDM6A	RPL7
KDM6A	RPL29
KDM6A	RPS23
KDM6A	SRRM1
KDM6A	RPL36AL
KDM6A	CCT7
KDM6A	NOP56
KDM6A	ABLIM1
KDM6A	N4BP3
KDM6A	ARPC1B
KDM6A	GSN
KDM6A	FLNA
KDM6A	ACTR2
KDM6A	MYO1E
KDM6A	LAD1
KDM6A	ACTR3
KDM6A	PPP1CA
KDM6A	CLINT1
KDM6A	EFHD2
KDM6A	ARPC3
KDM6A	SNRNP200
KDM6A	PTMA
KDM6A	SRSF2
KDM6A	ILF2
KDM6A	TRIM25
KDM6A	TXNRD1
KDM6A	CIP2A
KDM6A	GNL3
KDM6A	HSPB1
KDM6A	H1-2
KDM6A	SON
KDM6A	HNRNPH1
KDM6A	CCT6A
KDM6A	RPS26
KDM6A	IMMT
KDM6A	PRPF38A
KDM6A	P4HB
KDM6A	TUBB
KDM6A	JUP
KDM6A	HNRNPA2B1
KDM6A	RPL34
KDM6A	RPL26
KDM6A	SNRPD1
KDM6A	YWHAZ
KDM6A	ILF3
KDM6A	PABPC4
KDM6A	NONO
KDM6A	ACTBL2
KDM6A	KPRP
KDM6A	CCDC137
KDM6A	NOL12
KDM6A	ANXA2
KDM6A	S100A11
KDM6A	CENPF
KDM6A	S100A10
KDM6A	RPS14
KDM6A	SPECC1
KDM6A	C1orf35
KDM6A	CHCHD3
KDM6A	S100A6
KDM6A	TOP1
KDM6A	LMNB1
KDM6A	RPL9
KDM6A	PPP1CB
KDM6A	CHERP
KDM6A	PNN
KDM6A	TMSB4X
KDM6A	PGAM5
KDM6A	SPTBN2
KDM6A	MACROH2A1
KDM6A	RSL1D1
KDM6A	NSA2
KDM6A	LDHB
KDM6A	CAPN1
KDM6A	CANX
KDM6A	SDHA
KDM6A	TAGLN2
KDM6A	RBM25
KDM6A	COPA
KDM6A	VCP
KDM6A	SNU13
KDM6A	EIF6
KDM6A	ARPC4
KDM6A	H3C12
KDM6A	SRSF6
KDM6A	DCTN2
KDM6A	TRA2A
KDM6A	RCN1
KDM6A	KIF26B
KDM6A	PRPF8
KDM6A	PAXIP1
KDM6A	SFRP1
KDM6A	RBM14
KDM6A	SF3B5
KDM6A	TNKS1BP1
KDM6A	SLIRP
KDM6A	EPB41L5
KDM6A	MRPL22
KDM6A	CORO1C
KDM6A	PA2G4
KDM6A	SF3B6
KDM6A	ATP1A1
KDM6A	CDC42
KDM6A	PRPF19
KDM6A	NOL7
KDM6A	RPSA
KDM6A	TCP1
KDM6A	VDAC2
KDM6A	SLC25A1
KDM6A	SNRPD2
KDM6A	DCD
KDM6A	DSC1
KDM6A	CBX3
KDM6A	G3BP1
KDM6A	H3C15
KDM6A	ZBTB14
KDM6A	S100A8
KDM6A	VCAN
KDM6A	HSP90B1
KDM6A	RPL22
KDM6A	MYH9
KDM6A	MATR3
KDM6A	SSR4
KDM6A	HNRNPA3
KDM6A	DSG1
KDM6A	CALML5
KDM6A	GAPDH
KDM6A	KRT18
KDM6A	HSP90AA1
KDM6A	HSPD1
KDM6A	PKM
KDM6A	RPS7
KDM6A	RPS25
KDM6A	RPL11
KDM6A	PRDX1
KDM6A	ZNF593
KDM6A	LMNA
KDM6A	HSP90AB1
KDM6A	VIM
KDM6A	EEF1G
KDM6A	RPL35
KDM6A	RPS18
KDM6A	RPS29
KDM6A	H4C9
KDM6A	DHX9
KDM6A	LLPH
KDM6A	C11orf98
KDM6A	RPS17
KDM6A	DSP
KDM6A	RPL27A
KDM6A	RPL37A
KDM6A	RPS15
KDM6A	SAP18
KDM6A	WDR46
KDM6A	SIPA1L1
KDM6A	PHGDH
KDM6A	SART1
KDM6A	ATMIN
KDM6A	NUDT21
KDM6A	SYNCRIP
KDM6A	DKC1
KDM6A	DNAJA2
KDM6A	STAU1
KDM6A	ALDOA
KDM6A	ANXA1
KDM6A	RPN1
KDM6A	S100A9
KDM6A	PFN1
KDM6A	TXN
KDM6A	PABPC1
KDM6A	PCNA
KDM6A	EEF2
KDM6A	HNRNPL
KDM6A	TRIM21
KDM6A	ACP1
KDM6A	YWHAQ
KDM6A	CAD
KDM6A	ABCD3
KDM6A	PDIA3
KDM6A	S100A7
KDM6A	YWHAB
KDM6A	SFN
KDM6A	FOXN2
KDM6A	PRSS3
KDM6A	FUS
KDM6A	MYH11
KDM6A	HADHA
KDM6A	MKI67
KDM6A	NOP2
KDM6A	IDH2
KDM6A	FASN
KDM6A	SRP9
KDM6A	FXR1
KDM6A	RAB13
KDM6A	HNRNPH2
KDM6A	MARS1
KDM6A	ELOF1
KDM6A	SEC61B
KDM6A	DSTN
KDM6A	HSPE1
KDM6A	RPL37
KDM6A	WDR5
KDM6A	HNRNPK
KDM6A	FAU
KDM6A	RPS27A
KDM6A	RAC1
KDM6A	RACK1
KDM6A	GTF2I
KDM6A	PRKDC
KDM6A	ARF5
KDM6A	FABP5
KDM6A	PPIG
KDM6A	TCOF1
KDM6A	HNRNPD
KDM6A	BLTP2
KDM6A	SMC1A
KDM6A	GOLGB1
KDM6A	CHD4
KDM6A	EXOSC7
KDM6A	PCM1
KDM6A	PCBP1
KDM6A	DHCR24
KDM6A	HSD17B12
KDM6A	RRP12
KDM6A	GRTP1
KDM6A	PABPN1
KDM6A	LSR
KDM6A	FTSJ3
KDM6A	SNIP1
KDM6A	HSPH1
KDM6A	TMA16
KDM6A	DDX27
KDM6A	DOCK7
KDM6A	PHB2
KDM6A	SALL3
KDM6A	POLDIP3
KDM6A	NIFK
KDM6A	RACGAP1
KDM6A	NCOA5
KDM6A	NOP10
KDM6A	DDX18
KDM6A	DDX56
KDM6A	RRBP1
KDM6A	DHCR7
KDM6A	NWD2
KDM6A	RPL26L1
KDM6A	NOP58
KDM6A	RBMX2
KDM6A	MRPL11
KDM6A	CHTOP
KDM6A	UTP18
KDM6A	DNMT3A
KDM6A	SQOR
SMARCA4	ZNF316
SMARCA4	SMCHD1
SMARCA4	MYO1C
SMARCA4	SUPT5H
SMARCA4	SAP18
SMARCA4	NDUFA4
SMARCA4	PES1
SMARCA4	MPHOSPH10
SMARCA4	NOP56
SMARCA4	DDX3X
SMARCA4	ARID1A
SMARCA4	CHD1
SMARCA4	HNRNPDL
SMARCA4	SPTBN2
SMARCA4	U2SURP
SMARCA4	WDR46
SMARCA4	NKRF
SMARCA4	MRPS12
SMARCA4	EIF3D
SMARCA4	NVL
SMARCA4	DHX15
SMARCA4	RRP8
SMARCA4	SART1
SMARCA4	HNRNPR
SMARCA4	PLRG1
SMARCA4	ACTN4
SMARCA4	MYO1B
SMARCA4	RRP9
SMARCA4	AKAP8
SMARCA4	SMARCA5
SMARCA4	SYNCRIP
SMARCA4	CTNND1
SMARCA4	DPM1
SMARCA4	MRPS14
SMARCA4	DKC1
SMARCA4	DNAJA2
SMARCA4	DNAJC13
SMARCA4	SS18L1
SMARCA4	MACROH2A1
SMARCA4	PRPF40A
SMARCA4	PSIP1
SMARCA4	SRSF10
SMARCA4	SF3B1
SMARCA4	PRKRA
SMARCA4	SNRNP200
SMARCA4	SURF6
SMARCA4	BCAS2
SMARCA4	RSL1D1
SMARCA4	SRP72
SMARCA4	MTA2
SMARCA4	MYO1D
SMARCA4	PRPF6
SMARCA4	SVIL
SMARCA4	SGPL1
SMARCA4	NSA2
SMARCA4	AP2A1
SMARCA4	STAU1
SMARCA4	ACTL6A
SMARCA4	EGFR
SMARCA4	LMNA
SMARCA4	ANXA1
SMARCA4	HSPB1
SMARCA4	RPN1
SMARCA4	RPN2
SMARCA4	ATP1A1
SMARCA4	SLC25A5
SMARCA4	RPLP1
SMARCA4	RPLP2
SMARCA4	RPLP0
SMARCA4	KRT18
SMARCA4	NPM1
SMARCA4	TPM3
SMARCA4	H1-0
SMARCA4	ANXA2
SMARCA4	CAPN1
SMARCA4	TUBB
SMARCA4	HNRNPC
SMARCA4	SNRNP70
SMARCA4	RPSA
SMARCA4	HMGB1
SMARCA4	CNP
SMARCA4	HNRNPA1
SMARCA4	PARP1
SMARCA4	HSPA5
SMARCA4	HSPA8
SMARCA4	TOP1
SMARCA4	TOP2A
SMARCA4	PABPC1
SMARCA4	SLC25A6
SMARCA4	ACTN1
SMARCA4	XRCC6
SMARCA4	XRCC5
SMARCA4	CD59
SMARCA4	HNRNPL
SMARCA4	JUP
SMARCA4	RPS2
SMARCA4	H1-5
SMARCA4	H1-2
SMARCA4	YBX3
SMARCA4	DDX5
SMARCA4	RPL35A
SMARCA4	RPL7
SMARCA4	SON
SMARCA4	RPL17
SMARCA4	NCL
SMARCA4	EIF2AK2
SMARCA4	CSNK2A2
SMARCA4	EIF2S2
SMARCA4	LMNB1
SMARCA4	FLNA
SMARCA4	VDAC1
SMARCA4	FBL
SMARCA4	HNRNPA2B1
SMARCA4	SFPQ
SMARCA4	RPS3
SMARCA4	CFL1
SMARCA4	RPS12
SMARCA4	ATP5F1A
SMARCA4	DNMT1
SMARCA4	U2AF2
SMARCA4	RPL13
SMARCA4	PTBP1
SMARCA4	YWHAQ
SMARCA4	RPL10
SMARCA4	CANX
SMARCA4	ABCD3
SMARCA4	TMOD1
SMARCA4	EEF1D
SMARCA4	RPL12
SMARCA4	DNAJA1
SMARCA4	HNRNPH3
SMARCA4	HNRNPH1
SMARCA4	RPL9
SMARCA4	KDELR2
SMARCA4	CTNNB1
SMARCA4	RFC1
SMARCA4	RPL22
SMARCA4	DEK
SMARCA4	ATP5F1C
SMARCA4	RPL4
SMARCA4	SRP14
SMARCA4	RBMX
SMARCA4	HSPA9
SMARCA4	EIF4A3
SMARCA4	RPL3
SMARCA4	CCT6A
SMARCA4	RPL13A
SMARCA4	HADHA
SMARCA4	MTREX
SMARCA4	RPS27
SMARCA4	RBM34
SMARCA4	MATR3
SMARCA4	VDAC2
SMARCA4	CBX5
SMARCA4	MKI67
SMARCA4	NOP2
SMARCA4	RPL5
SMARCA4	RPL21
SMARCA4	RPL28
SMARCA4	RPS9
SMARCA4	RPS5
SMARCA4	RPS10
SMARCA4	IQGAP1
SMARCA4	STT3A
SMARCA4	CAPZA2
SMARCA4	CAPZB
SMARCA4	RPL29
SMARCA4	ATP5PO
SMARCA4	RPL34
SMARCA4	FASN
SMARCA4	TUFM
SMARCA4	SRP9
SMARCA4	EMD
SMARCA4	RPL14
SMARCA4	FXR1
SMARCA4	FXR2
SMARCA4	DAP3
SMARCA4	SMARCA4
SMARCA4	SSR4
SMARCA4	HNRNPA3
SMARCA4	HNRNPM
SMARCA4	KPNA2
SMARCA4	KPNA1
SMARCA4	HNRNPF
SMARCA4	CAPZA1
SMARCA4	SLC25A1
SMARCA4	COPA
SMARCA4	ADAR
SMARCA4	SNU13
SMARCA4	HNRNPH2
SMARCA4	EIF3B
SMARCA4	ATP5MF
SMARCA4	RRP1
SMARCA4	EIF6
SMARCA4	ELOF1
SMARCA4	SEC61B
SMARCA4	ACTB
SMARCA4	EIF4A1
SMARCA4	RPS20
SMARCA4	S100A10
SMARCA4	CDC42
SMARCA4	RPS3A
SMARCA4	RPL15
SMARCA4	RPL27
SMARCA4	WDR5
SMARCA4	HNRNPK
SMARCA4	RPS7
SMARCA4	PPP1CA
SMARCA4	PPP1CB
SMARCA4	RPS8
SMARCA4	RPS15A
SMARCA4	RPS16
SMARCA4	RPS14
SMARCA4	RPS13
SMARCA4	RPS11
SMARCA4	SNRPE
SMARCA4	SNRPF
SMARCA4	SNRPD1
SMARCA4	SNRPD2
SMARCA4	SNRPD3
SMARCA4	RPL7A
SMARCA4	RPS4X
SMARCA4	RPL23A
SMARCA4	RPS6
SMARCA4	H4C9
SMARCA4	RAN
SMARCA4	RPL23
SMARCA4	RPS24
SMARCA4	RPS26
SMARCA4	RPS28
SMARCA4	RPL30
SMARCA4	RPL31
SMARCA4	RPL10A
SMARCA4	RPL32
SMARCA4	RPL8
SMARCA4	PPIA
SMARCA4	TRA2B
SMARCA4	YWHAZ
SMARCA4	RPL38
SMARCA4	RACK1
SMARCA4	ACTG1
SMARCA4	YBX1
SMARCA4	CSNK2B
SMARCA4	TPM4
SMARCA4	TUBB4B
SMARCA4	NOP14
SMARCA4	PRKDC
SMARCA4	DCD
SMARCA4	MRPS22
SMARCA4	MRPS25
SMARCA4	MRPS35
SMARCA4	MRPS5
SMARCA4	MRPS15
SMARCA4	MRPS21
SMARCA4	MRPS34
SMARCA4	MRPS9
SMARCA4	LACTB
SMARCA4	RPL24
SMARCA4	RPL36A
SMARCA4	ERH
SMARCA4	RPL19
SMARCA4	SRSF3
SMARCA4	H3-3B
SMARCA4	SLC25A3
SMARCA4	PURA
SMARCA4	CLTC
SMARCA4	HNRNPU
SMARCA4	LOC102724594
SMARCA4	SPTBN1
SMARCA4	SRSF2
SMARCA4	EXOSC10
SMARCA4	H1-1
SMARCA4	RPL18A
SMARCA4	RPL6
SMARCA4	TOP2B
SMARCA4	CEBPZ
SMARCA4	EIF4G1
SMARCA4	EXOSC9
SMARCA4	FMR1
SMARCA4	RPL18
SMARCA4	KHDRBS1
SMARCA4	SRSF1
SMARCA4	DHX9
SMARCA4	SSRP1
SMARCA4	NSUN2
SMARCA4	RBBP4
SMARCA4	NCBP1
SMARCA4	TBL3
SMARCA4	ASPH
SMARCA4	SMARCB1
SMARCA4	GRSF1
SMARCA4	CHD3
SMARCA4	SF3A3
SMARCA4	TRIM26
SMARCA4	ILF2
SMARCA4	ILF3
SMARCA4	FLII
SMARCA4	IK
SMARCA4	TARDBP
SMARCA4	HNRNPA0
SMARCA4	CBX3
SMARCA4	DDX10
SMARCA4	SRSF9
SMARCA4	SRSF5
SMARCA4	SRSF6
SMARCA4	TRIM28
SMARCA4	G3BP1
SMARCA4	PABPC4
SMARCA4	SF3B2
SMARCA4	SQSTM1
SMARCA4	PRPF4B
SMARCA4	TRA2A
SMARCA4	KRR1
SMARCA4	PWP1
SMARCA4	SPTAN1
SMARCA4	GNL2
SMARCA4	BYSL
SMARCA4	CDK13
SMARCA4	HNRNPD
SMARCA4	BOP1
SMARCA4	ZMYM3
SMARCA4	MAP7
SMARCA4	CAPRIN1
SMARCA4	RRP1B
SMARCA4	PDCD11
SMARCA4	BMS1
SMARCA4	USP10
SMARCA4	LBR
SMARCA4	CHD4
SMARCA4	ZNF638
SMARCA4	KPNB1
SMARCA4	NOLC1
SMARCA4	NUMA1
SMARCA4	EFTUD2
SMARCA4	RRS1
SMARCA4	WDR43
SMARCA4	PLEC
SMARCA4	NONO
SMARCA4	PWP2
SMARCA4	RNPS1
SMARCA4	RCN1
SMARCA4	ZMYND11
SMARCA4	PCBP1
SMARCA4	DHCR24
SMARCA4	SF3B3
SMARCA4	PUM3
SMARCA4	SF3B4
SMARCA4	SS18
SMARCA4	ELAVL1
SMARCA4	RBBP7
SMARCA4	SRSF7
SMARCA4	DBN1
SMARCA4	IMMT
SMARCA4	KNOP1
SMARCA4	HNRNPUL2
SMARCA4	BCL7A
SMARCA4	PHLDA2
SMARCA4	HSD17B12
SMARCA4	CDCA8
SMARCA4	ZNF326
SMARCA4	RRP12
SMARCA4	DNTTIP2
SMARCA4	HP1BP3
SMARCA4	NOL9
SMARCA4	SPOUT1
SMARCA4	KPRP
SMARCA4	ARID2
SMARCA4	BICRAL
SMARCA4	RPL7L1
SMARCA4	MRPL54
SMARCA4	PRPF8
SMARCA4	CCDC137
SMARCA4	LARP1
SMARCA4	WDR74
SMARCA4	SMARCD3
SMARCA4	MPRIP
SMARCA4	H3C15
SMARCA4	SND1
SMARCA4	DHX30
SMARCA4	ZC3HAV1
SMARCA4	PBRM1
SMARCA4	MTDH
SMARCA4	ZC3H18
SMARCA4	LSR
SMARCA4	GATAD2A
SMARCA4	WDR75
SMARCA4	PHF6
SMARCA4	SUGP2
SMARCA4	FTSJ3
SMARCA4	SRRM1
SMARCA4	DDX51
SMARCA4	KRI1
SMARCA4	SERBP1
SMARCA4	FAM98A
SMARCA4	ABCF1
SMARCA4	NGDN
SMARCA4	ARID1B
SMARCA4	CMAS
SMARCA4	WDR36
SMARCA4	SMARCC2
SMARCA4	DDX54
SMARCA4	BRIX1
SMARCA4	UTP15
SMARCA4	CREB3L4
SMARCA4	NOC3L
SMARCA4	GTF3C2
SMARCA4	PHF10
SMARCA4	NUP133
SMARCA4	BCL7C
SMARCA4	PHIP
SMARCA4	GATAD2B
SMARCA4	DDX1
SMARCA4	H1-10
SMARCA4	MRPS27
SMARCA4	MYO18A
SMARCA4	MRPS31
SMARCA4	HDAC2
SMARCA4	DPF2
SMARCA4	DDX17
SMARCA4	UPF1
SMARCA4	SMARCC1
SMARCA4	SMARCD2
SMARCA4	ARHGEF2
SMARCA4	SMARCE1
SMARCA4	UTP4
SMARCA4	LRRC59
SMARCA4	AP2M1
SMARCA4	SNRNP40
SMARCA4	DNAJA3
SMARCA4	PTCD3
SMARCA4	S100A16
SMARCA4	IMP4
SMARCA4	AURKB
SMARCA4	SMARCD1
SMARCA4	DDX27
SMARCA4	PGAM5
SMARCA4	ZFR
SMARCA4	ZNF512
SMARCA4	YTHDC1
SMARCA4	RBM14
SMARCA4	FAM111A
SMARCA4	FYTTD1
SMARCA4	PURB
SMARCA4	PPP1R9B
SMARCA4	SRPK1
SMARCA4	RBM15
SMARCA4	CDC5L
SMARCA4	PHB2
SMARCA4	HNRNPAB
SMARCA4	EBNA1BP2
SMARCA4	DDX50
SMARCA4	TUBA1C
SMARCA4	BCL7B
SMARCA4	MYBBP1A
SMARCA4	NOL10
SMARCA4	MTA3
SMARCA4	HNRNPUL1
SMARCA4	EFHD1
SMARCA4	NOC4L
SMARCA4	UTP14A
SMARCA4	GNL3
SMARCA4	RBM4
SMARCA4	MAK16
SMARCA4	POLDIP3
SMARCA4	NIFK
SMARCA4	MRPS26
SMARCA4	GTPBP4
SMARCA4	UPF3B
SMARCA4	WDR12
SMARCA4	REXO4
SMARCA4	DDX24
SMARCA4	POLR1E
SMARCA4	NAT10
SMARCA4	XRN2
SMARCA4	DDX47
SMARCA4	ADNP
SMARCA4	PNN
SMARCA4	SENP3
SMARCA4	HEATR1
SMARCA4	CCDC86
SMARCA4	NOL6
SMARCA4	RPF2
SMARCA4	NOL11
SMARCA4	DDX31
SMARCA4	BRD9
SMARCA4	RPF1
SMARCA4	MOV10
SMARCA4	S100A14
SMARCA4	NOP10
SMARCA4	BRD7
SMARCA4	PPAN
SMARCA4	UTP3
SMARCA4	DDX21
SMARCA4	BAZ1A
SMARCA4	LANCL2
SMARCA4	SPATS2L
SMARCA4	DCAF13
SMARCA4	IMP3
SMARCA4	ATAD3A
SMARCA4	GNL3L
SMARCA4	DDX18
SMARCA4	RBM28
SMARCA4	SLTM
SMARCA4	PAK1IP1
SMARCA4	NHP2
SMARCA4	LYAR
SMARCA4	TEX10
SMARCA4	GAR1
SMARCA4	AATF
SMARCA4	DDX56
SMARCA4	BCLAF1
SMARCA4	UTP6
SMARCA4	TMOD3
SMARCA4	TECR
SMARCA4	FAM120A
SMARCA4	NOP53
SMARCA4	MRPL36
SMARCA4	VAPA
SMARCA4	MACROH2A2
SMARCA4	NHSL3
SMARCA4	RRBP1
SMARCA4	MBD2
SMARCA4	DHCR7
SMARCA4	ABCF2
SMARCA4	NOL12
SMARCA4	RSL24D1
SMARCA4	LIMA1
SMARCA4	PUF60
SMARCA4	BAZ1B
SMARCA4	DDX41
SMARCA4	MRTO4
SMARCA4	RALY
SMARCA4	MYO5B
SMARCA4	AKAP8L
SMARCA4	TMCO1
SMARCA4	MYO6
SMARCA4	PRPF19
SMARCA4	NOL7
SMARCA4	G3BP2
SMARCA4	DIMT1
SMARCA4	WDR3
SMARCA4	SRRM2
SMARCA4	NIP7
SMARCA4	RTRAF
SMARCA4	RUVBL1
SMARCA4	MRPS33
SMARCA4	DDX52
SMARCA4	MRPS17
SMARCA4	MRPS7
SMARCA4	THRAP3
SMARCA4	NOP58
SMARCA4	FCF1
SMARCA4	RBMX2
SMARCA4	MRPS2
SMARCA4	RRP7A
SMARCA4	SF3B6
SMARCA4	MRPL11
SMARCA4	RRP15
SMARCA4	NOP16
SMARCA4	MRPS16
SMARCA4	MRPS23
SMARCA4	RTCB
SMARCA4	NOC2L
SMARCA4	RPL36
SMARCA4	CHTOP
SMARCA4	TLN1
SMARCA4	CRYBG1
SMARCA4	TBL2
SMARCA4	LAS1L
SMARCA4	AFG3L2
SMARCA4	SUPT16H
SMARCA4	UTP18
SMARCA4	RBM8A
SMARCA4	MRPS18B
SMARCA4	AP1M2
SMARCA4	PHGDH
SMARCA4	KRT1
SMARCA4	EEF1G
SMARCA4	S100A7
SMARCA4	MSH6
SMARCA4	RPS23
SMARCA4	CKAP4
SMARCA4	FAM111B
SMARCA4	RPL36AL
SMARCA4	GRWD1
SMARCA4	CHMP4B
SMARCA4	CHCHD3
SMARCA4	UTP11
SMARCA4	POLR1G
SMARCA4	EIF5B
SMARCA4	H2AX
SMARCA4	LRPPRC
SMARCA4	HADHB
SMARCA4	H3C12
SMARCA4	GTF2I
SMARCA4	KIF23
SMARCA4	SLC25A11
SMARCA4	GTF3C1
SMARCA4	MYO1E
SMARCA4	SNW1
SMARCA4	DYNC1H1
SMARCA4	TRIP12
SMARCA4	PDIA6
SMARCA4	SAFB
SMARCA4	CTR9
SMARCA4	PNPLA6
SMARCA4	EFHD2
SMARCA4	C7orf50
SMARCA4	CARD10
SMARCA4	SRRT
SMARCA4	RIOX1
SMARCA4	STAU2
SMARCA4	SRP68
SMARCA4	RCL1
SMARCA4	SQOR
SMARCA4	NPM3
SMARCA4	FARS2
SMARCA4	YWHAB
SMARCA4	PTDSS1
SMARCA4	CTCF
SMARCA4	SUB1
SMARCA4	MRPS6
SMARCA4	AHNAK
SMARCA4	CDC37
SMARCA4	HS2ST1
SMARCA4	POGZ
SMARCA4	PABPN1
SMARCA4	PAF1
SMARCA4	MRPS24
SMARCA4	RBM4B
SMARCA4	MAGT1
SMARCA4	CHMP1A
SMARCA4	PDS5B
SMARCA4	MRPL22
SMARCA4	USP36
SMARCA4	NXF1
SMARCA4	MRPS18C
SMARCA4	KPNA4
SMARCA4	URB1
SMARCA4	SSB
SMARCA4	PTMA
SMARCA4	S100A6
SMARCA4	SNRPB2
SMARCA4	ATP2A2
SMARCA4	FUS
SMARCA4	ARPC4
SMARCA4	RAC1
SMARCA4	CSNK2A1
SMARCA4	DSG1
SMARCA4	FRG1
SMARCA4	TUBB8
SMARCA4	ATAD3B
SMARCA4	ALYREF
SMARCA4	RRP36
SMARCA4	LSM14B
SMARCA4	RAB1B
SMARCA4	ESF1
SMARCA4	C8orf33
SMARCA4	ISG20L2
SMARCA4	MRPS28
SMARCA4	RBM7
SMARCA4	AIFM1
SMARCA4	S100A9
SMARCA4	EPRS1
SMARCA4	H1-4
SMARCA4	EEF2
SMARCA4	HSP90B1
SMARCA4	RPL26
SMARCA4	DYNLL1
SMARCA4	DSC1
SMARCA4	RBM39
SMARCA4	PCBP2
SMARCA4	ENO1
SMARCA4	MGP
SMARCA4	RPS19
SMARCA4	MYL6
SMARCA4	RPS25
SMARCA4	SRSF11
SMARCA4	PCM1
SMARCA4	CAVIN1
SMARCA4	LLPH
SMARCA4	POLRMT
SMARCA4	SFN
SMARCA4	TFAM
SMARCA4	EIF3I
SMARCA4	TCOF1
SMARCA4	TRIM29
SMARCA4	ELOA
SMARCA4	ASCC3
SMARCA4	THEM6
SMARCA4	DDX23
SMARCA4	HACD3
SMARCA4	RUVBL2
SMARCA4	MGST3
SMARCA4	NUDT21
SMARCA4	NDUFA10
SMARCA4	MRPL3
SMARCA4	SNRPC
SMARCA4	CDH1
SMARCA4	UBTF
SMARCA4	CALR
SMARCA4	EIF2S3
SMARCA4	SSR1
SMARCA4	CPT1A
SMARCA4	SMARCA2
SMARCA4	ACTR2
SMARCA4	MRPS10
SMARCA4	RCN2
SMARCA4	EXOSC7
SMARCA4	TIMM50
SMARCA4	EXOSC6
SMARCA4	PRPF31
SMARCA4	B3GALT6
SMARCA4	BUD13
SMARCA4	NUSAP1
SMARCA4	INCENP
SMARCA4	MRPL15
SMARCA4	SLC25A10
SMARCA4	MAGED2
SMARCA4	YTHDF2
SMARCA4	CALU
SMARCA4	EIF2S1
SMARCA4	GNAI3
SMARCA4	CD44
SMARCA4	PPP1CC
SMARCA4	MARCKSL1
SMARCA4	NAP1L1
SMARCA4	SSBP1
SMARCA4	MOGS
SMARCA4	SMC1A
SMARCA4	TOMM20
SMARCA4	ZC3H14
SMARCA4	LMO7
SMARCA4	USP7
SMARCA4	RCC2
SMARCA4	ACIN1
SMARCA4	SMC3
SMARCA4	ASF1A
SMARCA4	STRAP
SMARCA4	RBM19
SMARCA4	DARS1
SMARCA4	FOXN2
SMARCA4	YWHAE
SMARCA4	KPLCE
SMARCA4	RPL26L1
SMARCA4	PKP3
SMARCA4	ZNF185
SMARCA4	ATP5F1B
SMARCA4	TPM1
SMARCA4	RPL11
SMARCA4	NKAP
SMARCA4	SPOP
SMARCA4	DSP
SMARCA4	MRPS11
SMARCA4	RBM10
SMARCA4	FABP5
SMARCA4	AIMP2
SMARCA4	TMA16
SMARCA4	SERPINB12
SMARCA4	MRPL4
SMARCA4	GIPC1
SMARCA4	SURF4
SMARCA4	ZC3H11A
SMARCA4	PTBP3
SMARCA4	KRT9
SMARCA4	PRKCI
SMARCA4	TMPO
SMARCA4	NUP153
SMARCA4	RARS1
SMARCA4	VCP
SMARCA4	TMEM33
SMARCA4	AP2B1
SMARCA4	TGM3
SMARCA4	PKP1
SMARCA4	ZNF460
SMARCA4	KARS1
SMARCA4	ZCCHC7
SMARCA4	SLIRP
SMARCA4	ASF1B
SMARCA4	FARSA
SMARCA4	TXN
SMARCA4	KPNA3
SMARCA4	LAD1
SMARCA4	SIPA1L1
SMARCA4	SIPA1L3
SMARCA4	CSDE1
SMARCA4	ARG1
SMARCA4	GSN
SMARCA4	CENPB
SMARCA4	SRPRA
SMARCA4	POLR2E
SMARCA4	DDX6
SMARCA4	TAGLN2
SMARCA4	QARS1
SMARCA4	EPPK1
SMARCA4	SEC61A1
SMARCA4	HDAC1
SMARCA4	EXOSC2
SMARCA4	BLTP2
SMARCA4	PTGES3
SMARCA4	MAP7D1
SMARCA4	NOM1
SMARCA4	ZNF766
SMARCA4	ESRP1
SMARCA4	CDC73
SMARCA4	RBBP6
SMARCA4	RPS19BP1
SMARCA4	CHERP
SMARCA4	STT3B
SMARCA4	DPF1
SMARCA4	DAZAP1
SMARCA4	DYNLL2
SMARCA4	FUBP3
SMARCA4	ZFP91
SMARCA4	SDF4
SMARCA4	RBM42
SMARCA4	SF3B5
SMARCA4	DHX36
SMARCA4	DHX33
SMARCA4	SCAF1
SMARCA4	CACYBP
SMARCA4	EPB41L5
SMARCA4	EXOSC3
SMARCA4	RBM22
SMARCA4	SLC25A13
SMARCA4	PPIL1
SMARCA4	LRRFIP2
SMARCA4	ZMPSTE24
SMARCA4	MARS1
SMARCA4	AIMP1
SMARCA4	SPECC1
SMARCA4	NCCRP1
SMARCA4	PPP1R12A
SMARCA4	HSP90AB1
SMARCA4	ARF4
SMARCA4	LGALS7B
SMARCA4	PUSL1
SMARCA4	LUC7L3
SMARCA4	P4HB
SMARCA4	TCP1
SMARCA4	RARRES1
SMARCA4	ACTBL2
SMARCA4	CCT7
SMARCA4	CALML5
SMARCA4	GAPDH
SMARCA4	HSP90AA1
SMARCA4	HSPD1
SMARCA4	GRN
SMARCA4	S100A11
SMARCA4	SREK1IP1
SMARCA4	C1orf35
SMARCA4	ZCCHC17
SMARCA4	PKM
SMARCA4	RPL35
SMARCA4	RPL27A
SMARCA4	RPL37A
SMARCA4	RPS15
SMARCA4	C11orf98
SMARCA4	ZNF593
SMARCA4	RPS17
SMARCA4	MYH10
SMARCA4	RPS18
SMARCA4	RPS29
SMARCA4	FAU
SMARCA4	PRDX1
SMARCA4	ARGLU1
SMARCA4	LUC7L2
SMARCA4	ARPC1B
SMARCA4	KCNN4
SMARCA4	PRPF3
SMARCA4	ZBTB14
SMARCA4	DUSP11
SMARCA4	KRAS
SMARCA4	S100A8
SMARCA4	PFN1
SMARCA4	CTSB
SMARCA4	VIM
SMARCA4	CLTA
SMARCA4	SNRPA1
SMARCA4	PTPRF
SMARCA4	VCAN
SMARCA4	SDC1
SMARCA4	POLR2A
SMARCA4	CASP14
SMARCA4	PRSS3
SMARCA4	MYH9
SMARCA4	RECQL
SMARCA4	CENPF
SMARCA4	NCBP2
SMARCA4	RBM5
SMARCA4	MFAP1
SMARCA4	ACTR3
SMARCA4	ACTR1A
SMARCA4	CNBP
SMARCA4	GNB2
SMARCA4	RPS27A
SMARCA4	EEF1A1
SMARCA4	ARF5
SMARCA4	CAP1
SMARCA4	GOLGA4
SMARCA4	TUBB3
SMARCA4	GOLGB1
SMARCA4	SPCS2
SMARCA4	DDB1
SMARCA4	KIF26B
SMARCA4	LLGL2
SMARCA4	DDX46
SMARCA4	MYH14
SMARCA4	MRPL43
SMARCA4	PRPF38A
SMARCA4	OR4A16
SMARCA4	THOC2
SMARCA4	RP9
SMARCA4	SNIP1
SMARCA4	CIP2A
SMARCA4	TFB1M
SMARCA4	HNRNPLL
SMARCA4	SREK1
SMARCA4	HSPH1
SMARCA4	MRPL53
SMARCA4	NEK1
SMARCA4	TCF25
SMARCA4	CORO1B
SMARCA4	TUBB6
SMARCA4	WDR18
SMARCA4	KIFC1
SMARCA4	MND1
SMARCA4	DPY30
SMARCA4	RACGAP1
SMARCA4	ZNF644
SMARCA4	PREB
SMARCA4	EXOSC4
SMARCA4	AURKAIP1
SMARCA4	CCDC59
SMARCA4	GTF3C4
SMARCA4	CORO1C
SMARCA4	VDAC3
SMARCA4	PADI2
SMARCA4	MYO5A
SMARCA4	PRRC2C
SMARCA4	MTCH2
